Food_Code,Measure_Type_Code,Measure_Code,Measure_Weight_Conversion,Measure_Weight_Conversion_Last_Updated_Date
2,24,505756,85,
4,24,505773,300,
5,24,505773,300,
6,24,505747,55,
7,24,505773,300,
8,24,505773,300,
9,24,505773,300,
10,24,505773,300,
13,24,505736,15.21555,
14,24,505736,15.21555,
16,24,505733,10,
17,24,505733,10,
18,24,505740,30,
19,24,505740,30,
20,24,505740,30,
21,24,505740,30,
22,24,505740,30,
23,24,505740,30,
24,24,505740,30,
25,24,505761,125,
26,24,505761,125,
27,24,505747,55,
28,24,505740,30,
29,24,505740,30,
30,24,505740,30,
31,24,505735,15,
32,24,505740,30,
33,24,505740,30,
34,24,505740,30,
35,24,505740,30,
37,24,505740,30,
38,24,505740,30,
39,24,505735,15,
40,24,505735,15,
41,24,505740,30,
42,24,505740,30,
43,24,505761,125,
44,24,505761,125,
45,24,505735,15,
46,24,505740,30,
47,24,505740,30,
48,24,505735,15,
51,24,505740,30,
52,24,505740,30,
54,24,505735,15,
55,24,505762,134.1925,
56,24,505736,15.21555,
57,24,505727,2,
58,24,505727,2,
59,24,505735,15,
60,24,505735,15,
61,24,505772,257.82,
63,24,505772,257.82,
68,24,505736,19.3998,
69,24,505772,264.16,
70,24,505772,264.16,
71,24,505772,264.16,
72,24,505772,257.82,
74,24,505772,258.875,
75,24,505772,240.075,
76,24,505772,240.075,
88,24,505757,100,
89,24,505757,100,
90,24,505743,40,
91,24,505757,100,
92,24,505733,10,
93,24,505735,15,
96,24,505740,30,
97,24,505740,30,
98,24,505740,30,
101,24,505749,61.623,
102,24,505735,15,
103,24,505740,30,
104,24,505740,30,
105,24,505740,30,
106,24,505740,30,
107,24,505761,125,
108,24,505740,30,
109,24,505740,30,
110,24,505740,30,
111,24,505740,30,
112,24,505736,16.22985,
113,24,505772,257.82,
114,24,505772,258.875,
116,24,505772,264.16,
118,24,505733,10,
119,24,505740,30,
120,24,505761,125,
122,24,505727,2,
123,24,505772,257.82,
124,24,505772,258.875,
125,24,505757,100,
126,24,505757,100,
127,24,505757,100,
129,24,505757,100,
130,24,505757,100,
132,24,505757,100,
133,24,505758,110,
136,24,505736,15.21555,
137,24,505736,15.1521,
138,24,505736,15.0888,
139,24,505741,29.163,
140,24,505736,15.97635,
147,24,505747,55,
150,24,505736,15.3423,
151,24,505736,15.21555,
152,24,505741,29.163,
160,24,505740,30,
164,24,505769,138.25896,
212,24,505729,4,
214,24,505725,1,
219,24,505744,45,
232,24,505732,7,
283,24,505740,30,
285,24,505740,30,
286,24,505748,60,
287,24,505740,30,
291,24,505740,30,
293,24,505740,30,
394,24,505740,30,
414,24,505733,10,
415,24,505736,15.5325,
416,24,505734,9.2139,
417,24,505734,9.2139,
418,24,505734,9.1293,
419,24,505734,9.2139,
420,24,505734,9.2139,
422,24,505734,9.1293,
423,24,505734,9.1293,
424,24,505734,9.2139,
426,24,505741,27.8952,
428,24,505741,31.6992,
429,24,505734,9.2139,
430,24,505734,9.2139,
432,24,505734,9.2139,
433,24,505734,9.2139,
434,24,505734,9.2139,
435,24,505734,9.2139,
436,24,505734,9.2139,
437,24,505734,9.214,
438,24,505733,10,
439,24,505734,9.2139,
440,24,505734,9.2139,
441,24,505734,9.2139,
442,24,505734,9.2139,
443,24,505734,9.2139,
444,24,505734,9.2139,
445,24,505733,10,
446,24,505733,10,
447,24,505733,10,
448,24,505733,10,
449,24,505733,10,
450,24,505734,9.2139,
451,24,505734,9.2139,
452,24,505734,9.2139,
453,24,505734,9.2139,
454,24,505733,10,
456,24,505734,9.2139,
457,24,505734,9.2139,
458,24,505734,9.2139,
459,24,505734,9.2139,
460,24,505734,8.6644,
461,24,505734,9.2139,
462,24,505734,9.2139,
463,24,505733,10,
464,24,505733,10,
524,24,505741,31.065,
525,24,505741,32.967,
526,24,505741,31.6992,
527,24,505736,14.8986,
528,24,505741,32.967,
529,24,505741,30.4311,
530,24,505741,31.065,
531,24,505736,13.9476,
532,24,505741,29.7972,
533,24,505741,31.6992,
534,24,505741,31.065,
535,24,505733,10,
539,24,505733,10,
550,24,505733,10,
552,24,505733,10,
555,24,505761,125,
556,24,505757,100,
557,24,505757,100,
558,24,505757,100,
559,24,505757,100,
560,24,505761,125,
561,24,505757,100,
562,24,505757,100,
563,24,505757,100,
564,24,505757,100,
565,24,505761,125,
566,24,505757,100,
567,24,505757,100,
568,24,505757,100,
569,24,505757,100,
570,24,505757,100,
571,24,505761,125,
572,24,505757,100,
573,24,505757,100,
574,24,505761,125,
575,24,505757,100,
576,24,505761,125,
577,24,505757,100,
578,24,505761,125,
579,24,505757,100,
580,24,505761,125,
581,24,505757,100,
582,24,505757,100,
583,24,505757,100,
584,24,505757,100,
585,24,505761,125,
586,24,505757,100,
587,24,505757,100,
588,24,505757,100,
589,24,505757,100,
590,24,505761,125,
591,24,505757,100,
592,24,505757,100,
593,24,505757,100,
594,24,505761,125,
595,24,505757,100,
596,24,505757,100,
597,24,505757,100,
598,24,505757,100,
599,24,505757,100,
600,24,505757,100,
601,24,505757,100,
602,24,505757,100,
603,24,505757,100,
604,24,505757,100,
605,24,505757,100,
606,24,505757,100,
607,24,505761,125,
608,24,505757,100,
609,24,505757,100,
610,24,505757,100,
611,24,505757,100,
612,24,505761,125,
613,24,505757,100,
614,24,505757,100,
615,24,505757,100,
616,24,505761,125,
617,24,505757,100,
618,24,505757,100,
619,24,505757,100,
620,24,505761,125,
621,24,505757,100,
622,24,505757,100,
623,24,505757,100,
624,24,505757,100,
625,24,505757,100,
626,24,505761,125,
627,24,505757,100,
628,24,505757,100,
629,24,505757,100,
630,24,505757,100,
631,24,505761,125,
632,24,505757,100,
633,24,505757,100,
634,24,505757,100,
635,24,505761,125,
636,24,505757,100,
638,24,505757,100,
639,24,505761,125,
640,24,505757,100,
641,24,505761,125,
642,24,505757,100,
643,24,505761,125,
644,24,505757,100,
645,24,505761,125,
646,24,505757,100,
647,24,505761,125,
648,24,505757,100,
649,24,505761,125,
650,24,505761,125,
651,24,505757,100,
652,24,505761,125,
653,24,505757,100,
654,24,505761,125,
655,24,505757,100,
656,24,505761,125,
657,24,505757,100,
658,24,505761,125,
659,24,505757,100,
660,24,505761,125,
661,24,505757,100,
662,24,505761,125,
663,24,505757,100,
664,24,505761,125,
665,24,505757,100,
666,24,505761,125,
667,24,505761,125,
668,24,505761,125,
669,24,505761,125,
670,24,505757,100,
671,24,505761,125,
672,24,505757,100,
673,24,505761,125,
674,24,505761,125,
675,24,505761,125,
676,24,505761,125,
677,24,505761,125,
678,24,505761,125,
679,24,505761,125,
680,24,505761,125,
681,24,505761,125,
682,24,505761,125,
683,24,505761,125,
684,24,505761,125,
685,24,505761,125,
688,24,505761,125,
689,24,505757,100,
690,24,505761,125,
691,24,505757,100,
692,24,505761,125,
693,24,505757,100,
694,24,505761,125,
695,24,505757,100,
696,24,505761,125,
697,24,505757,100,
698,24,505761,125,
699,24,505757,100,
700,24,505761,125,
701,24,505757,100,
702,24,505761,125,
703,24,505757,100,
704,24,505761,125,
705,24,505757,100,
706,24,505761,125,
707,24,505757,100,
708,24,505761,125,
709,24,505757,100,
710,24,505761,125,
711,24,505757,100,
712,24,505761,125,
713,24,505757,100,
714,24,505761,125,
715,24,505757,100,
716,24,505761,125,
717,24,505757,100,
718,24,505761,125,
719,24,505757,100,
722,24,505761,125,
723,24,505757,100,
724,24,505761,125,
725,24,505757,100,
728,24,505761,125,
729,24,505757,100,
730,24,505761,125,
731,24,505757,100,
732,24,505761,125,
733,24,505757,100,
734,24,505761,125,
735,24,505757,100,
740,24,505761,125,
741,24,505757,100,
742,24,505761,125,
743,24,505757,100,
744,24,505761,125,
745,24,505757,100,
746,24,505761,125,
747,24,505757,100,
748,24,505761,125,
749,24,505757,100,
750,24,505761,125,
751,24,505757,100,
754,24,505761,125,
755,24,505757,100,
756,24,505761,125,
757,24,505757,100,
760,24,505761,125,
761,24,505757,100,
762,24,505761,125,
763,24,505757,100,
764,24,505761,125,
765,24,505757,100,
766,24,505761,125,
767,24,505757,100,
770,24,505761,125,
771,24,505757,100,
772,24,505761,125,
773,24,505757,100,
774,24,505761,125,
775,24,505757,100,
778,24,505761,125,
779,24,505757,100,
780,24,505761,125,
781,24,505757,100,
784,24,505761,125,
785,24,505757,100,
786,24,505761,125,
787,24,505757,100,
788,24,505761,125,
789,24,505757,100,
790,24,505761,125,
791,24,505757,100,
794,24,505761,125,
795,24,505757,100,
796,24,505761,125,
797,24,505757,100,
798,24,505761,125,
799,24,505757,100,
800,24,505747,55,
802,24,505747,55,
804,24,505749,60.8622,
810,24,505737,20,
811,24,505761,125,
812,24,505761,125,
813,24,505761,125,
815,24,505757,100,
816,24,505748,60,
817,24,505761,125,
818,24,505757,100,
819,24,505761,125,
820,24,505757,100,
821,24,505757,100,
822,24,505761,125,
823,24,505757,100,
824,24,505757,100,
831,24,505733,10,
832,24,505761,125,
833,24,505757,100,
834,24,505757,100,
835,24,505761,125,
836,24,505757,100,
837,24,505757,100,
838,24,505761,125,
839,24,505757,100,
840,24,505757,100,
841,24,505761,125,
842,24,505757,100,
843,24,505757,100,
844,24,505761,125,
845,24,505757,100,
846,24,505757,100,
847,24,505761,125,
848,24,505757,100,
849,24,505757,100,
850,24,505761,125,
851,24,505757,100,
852,24,505757,100,
853,24,505761,125,
854,24,505757,100,
855,24,505757,100,
886,24,505747,55,
887,24,505747,55,
918,24,505757,100,
919,24,505748,60,
926,24,505772,256.7625,
927,24,505772,277.26,
932,24,505772,265.215,
933,24,505772,270.45,
935,24,505772,273.3025,
937,24,505772,258.93,
939,24,505772,263.455,
945,24,505772,263.4225,
946,24,505772,258.9625,
949,24,505772,265.215,
958,24,505772,249.365,
961,24,505772,263.3075,
963,24,505772,264.1875,
972,24,505772,102.05,
987,24,505772,130.125,
994,24,505740,30,
997,24,505736,18.25995,
999,24,505749,60.3552,
1001,24,505749,59.0868,
1003,24,505749,60.3582,
1005,24,505749,60.3582,
1009,24,505749,60.3582,
1017,24,505741,31.6992,
1025,24,505749,65.6802,
1026,24,505749,63.3984,
1027,24,505749,63.3984,
1028,24,505749,63.3984,
1029,24,505731,4.7959,
1030,24,505731,4.7959,
1046,24,505772,257.82,
1047,24,505772,263.025,
1049,24,505772,257.82,
1050,24,505772,255.425,
1051,24,505772,258.2,
1052,24,505772,258.825,
1053,24,505772,256.675,
1054,24,505772,257.82,
1055,24,505772,267.15,
1056,24,505772,261.5,
1057,24,505772,254.65,
1060,24,505772,257.325,
1061,24,505772,254.65,
1062,24,505772,257.82,
1063,24,505772,236.175,
1064,24,505772,254.65,
1065,24,505772,257.82,
1067,24,505772,257.82,
1068,24,505772,254.65,
1071,24,505772,260.99,
1075,24,505772,261.475,
1076,24,505772,265.005,
1077,24,505772,280.025,
1078,24,505772,253.6,
1079,24,505772,253.6,
1080,24,505772,265.215,
1081,24,505772,270.4975,
1082,24,505772,268.385,
1083,24,505772,257.82,
1084,24,505772,256.7625,
1085,24,505772,275.7825,
1086,24,505772,253.5925,
1087,24,505772,265.225,
1089,24,505772,268.385,
1090,24,505772,268.385,
1091,24,505772,267.33,
1092,24,505772,257.82,
1093,24,505772,286.3475,
1094,24,505772,280.0075,
1095,24,505772,254.65,
1096,24,505772,267.33,
1097,24,505772,274.725,
1108,24,505772,253.5925,
1117,24,505772,262.25,
1119,24,505772,268.055,
1124,24,505772,264.16,
1125,24,505772,267.33,
1126,24,505772,257.82,
1127,24,505772,259.9325,
1128,24,505772,263.925,
1130,24,505736,17.2449,
1131,24,505741,29.163,
1133,24,505731,5.8115,
1135,24,505731,5.2,
1139,24,505740,30,
1140,24,505752,75,
1142,24,505747,55,
1143,24,505747,55,
1144,24,505747,55,
1147,24,505747,55,
1148,24,505747,55,
1151,24,505747,55,
1152,24,505752,75,
1153,24,505752,75,
1154,24,505747,55,
1157,24,505747,55,
1158,24,505747,55,
1159,24,505747,55,
1160,24,505747,55,
1161,24,505747,55,
1164,24,505747,55,
1166,24,505747,55,
1167,24,505747,55,
1171,24,505740,30,
1172,24,505747,55,
1174,24,505747,55,
1175,24,505747,55,
1178,24,505752,75,
1179,24,505747,55,
1182,24,505747,55,
1183,24,505747,55,
1184,24,505747,55,
1185,24,505747,55,
1187,24,505747,55,
1190,24,505747,55,
1192,24,505747,55,
1198,24,505752,75,
1199,24,505747,55,
1200,24,505740,30,
1202,24,505740,30,
1207,24,505747,55,
1212,24,505747,55,
1216,24,505747,55,
1217,24,505747,55,
1220,24,505747,55,
1222,24,505747,55,
1223,24,505735,15,
1230,24,505747,55,
1231,24,505740,30,
1232,24,505740,30,
1235,24,505740,30,
1236,24,505740,30,
1238,24,505747,55,
1239,24,505747,55,
1240,24,505747,55,
1242,24,505740,30,
1244,24,505747,55,
1247,24,505747,55,
1248,24,505740,30,
1249,24,505747,55,
1251,24,505740,30,
1253,24,505740,30,
1256,24,505740,30,
1257,24,505740,30,
1258,24,505740,30,
1259,24,505740,30,
1260,24,505740,30,
1262,24,505740,30,
1263,24,505740,30,
1264,24,505740,30,
1265,24,505740,30,
1267,24,505740,30,
1268,24,505740,30,
1269,24,505740,30,
1270,24,505740,30,
1271,24,505740,30,
1275,24,505740,30,
1276,24,505747,55,
1278,24,505735,15,
1279,24,505747,55,
1280,24,505747,55,
1291,24,505740,30,
1292,24,505735,15,
1293,24,505740,30,
1295,24,505740,30,
1300,24,505740,30,
1301,24,505740,30,
1303,24,505740,30,
1305,24,505740,30,
1314,24,505747,55,
1317,24,505740,30,
1325,24,505747,55,
1326,24,505747,55,
1327,24,505747,55,
1328,24,505747,55,
1331,24,505747,55,
1332,24,505747,55,
1333,24,505747,55,
1334,24,505747,55,
1335,24,505747,55,
1336,24,505747,55,
1337,24,505747,55,
1338,24,505740,30,
1339,24,505740,30,
1344,24,505747,55,
1348,24,505740,30,
1350,24,505747,55,
1353,24,505747,55,
1360,24,505747,55,
1367,24,505747,55,
1372,24,505747,55,
1374,24,505747,55,
1375,24,505747,55,
1378,24,505740,30,
1380,24,505747,55,
1381,24,505747,55,
1382,24,505747,55,
1383,24,505740,30,
1386,24,505740,30,
1387,24,505740,30,
1391,24,505740,30,
1393,24,505740,30,
1472,24,505740,30,
1473,24,505740,30,
1474,24,505740,30,
1475,24,505740,30,
1477,24,505740,30,
1478,24,505747,55,
1479,24,505747,55,
1484,24,505754,80,
1485,24,505772,255.705,
1486,24,505764,140,
1487,24,505766,143.98907,
1488,24,505743,40,
1490,24,505743,40,
1491,24,505743,40,
1492,24,505743,40,
1493,24,505764,140,
1494,24,505764,140,
1495,24,505772,262.045,
1497,24,505772,252.535,
1498,24,505764,140,
1499,24,505766,171.51735,
1500,24,505764,140,
1501,24,505766,172.22376,
1502,24,505764,140,
1503,24,505764,140,
1504,24,505766,182.10515,
1505,24,505764,140,
1506,24,505764,140,
1507,24,505743,40,
1508,24,505743,40,
1509,24,505743,40,
1510,24,505764,140,
1511,24,505740,30,
1512,24,505740,30,
1513,24,505740,30,
1514,24,505743,40,
1515,24,505754,80,
1516,24,505766,180.69233,
1517,24,505754,80,
1518,24,505766,180.69233,
1519,24,505754,80,
1520,24,505749,64.9194,
1521,24,505764,140,
1522,24,505764,140,
1523,24,505764,140,
1524,24,505764,140,
1525,24,505764,140,
1526,24,505764,140,
1527,24,505766,172.22376,
1528,24,505766,180.69233,
1529,24,505766,184.22271,
1530,24,505764,140,
1531,24,505764,140,
1532,24,505766,175.04606,
1533,24,505766,176.45888,
1534,24,505766,178.5898,
1535,24,505766,184.22271,
1536,24,505764,140,
1537,24,505764,140,
1538,24,505747,55,
1539,24,505749,70.245,
1540,24,505749,69.738,
1541,24,505764,140,
1542,24,505743,40,
1543,24,505764,140,
1544,24,505754,80,
1545,24,505766,175.04606,
1546,24,505766,177.87003,
1547,24,505766,182.80989,
1548,24,505766,184.22271,
1549,24,505743,40,
1550,24,505743,40,
1551,24,505766,167.2839,
1552,24,505766,167.2839,
1553,24,505766,173.63491,
1554,24,505766,170.8243,
1555,24,505766,175.0494,
1556,24,505766,183.5163,
1557,24,505766,172.9285,
1558,24,505766,179.98759,
1559,24,505766,182.80989,
1560,24,505754,80,
1561,24,505766,177.87003,
1562,24,505764,140,
1563,24,505764,140,
1564,24,505764,140,
1565,24,505764,140,
1566,24,505764,140,
1567,24,505766,172.22376,
1568,24,505766,175.75247,
1569,24,505766,179.28118,
1570,24,505772,264.16,
1572,24,505772,260.99,
1573,24,505764,140,
1574,24,505766,172.9285,
1575,24,505766,180.69233,
1576,24,505772,267.33,
1577,24,505764,140,
1578,24,505764,140,
1579,24,505764,140,
1580,24,505749,60.3552,
1581,24,505764,140,
1582,24,505764,140,
1583,24,505764,140,
1584,24,505743,40,
1585,24,505764,140,
1586,24,505764,140,
1587,24,505747,55,
1589,24,505731,5.1564,
1590,24,505731,5.1564,
1591,24,505731,5.1564,
1593,24,505747,55,
1594,24,505731,5.19865,
1595,24,505731,5.19865,
1596,24,505764,140,
1597,24,505743,40,
1598,24,505764,140,
1599,24,505764,140,
1600,24,505743,40,
1601,24,505764,140,
1602,24,505764,140,
1603,24,505764,140,
1604,24,505765,150,
1605,24,505765,150,
1606,24,505765,150,
1610,24,505754,80,
1611,24,505764,140,
1612,24,505754,80,
1613,24,505735,15,
1614,24,505735,15,
1615,24,505764,140,
1616,24,505764,140,
1617,24,505764,140,
1618,24,505764,140,
1619,24,505772,262.045,
1620,24,505772,263.1025,
1622,24,505772,260.99,
1623,24,505764,140,
1624,24,505772,260.99,
1625,24,505772,263.1025,
1628,24,505764,140,
1629,24,505772,264.16,
1630,24,505764,140,
1631,24,505772,260.99,
1632,24,505772,260.99,
1633,24,505766,175.04606,
1634,24,505766,174.34132,
1635,24,505766,184.9358,
1636,24,505766,184.92745,
1637,24,505766,170.81094,
1638,24,505743,40,
1639,24,505743,40,
1640,24,505743,40,
1641,24,505743,40,
1642,24,505749,68.4702,
1643,24,505764,140,
1644,24,505772,263.1025,
1645,24,505766,175.04606,
1646,24,505766,174.34132,
1647,24,505766,187.7581,
1648,24,505766,187.7581,
1649,24,505743,40,
1650,24,505743,40,
1651,24,505743,40,
1652,24,505772,264.16,
1653,24,505764,140,
1654,24,505743,40,
1655,24,505764,140,
1656,24,505764,140,
1657,24,505772,264.16,
1659,24,505772,264.16,
1660,24,505764,140,
1661,24,505758,110,
1662,24,505758,110,
1663,24,505766,175.75247,
1664,24,505766,177.87003,
1665,24,505766,182.10515,
1666,24,505766,184.22271,
1667,24,505764,140,
1668,24,505764,140,
1669,24,505766,165.16467,
1670,24,505743,40,
1671,24,505743,40,
1672,24,505743,40,
1673,24,505772,270.4975,
1674,24,505764,140,
1675,24,505764,140,
1676,24,505766,180.69233,
1677,24,505754,80,
1678,24,505764,140,
1679,24,505764,140,
1680,24,505764,140,
1681,24,505764,140,
1682,24,505764,140,
1683,24,505764,140,
1684,24,505764,140,
1685,24,505766,179.28118,
1686,24,505764,140,
1687,24,505764,140,
1688,24,505764,140,
1689,24,505764,140,
1690,24,505766,181.39874,
1691,24,505765,150,
1692,24,505764,140,
1693,24,505764,140,
1694,24,505772,265.215,
1696,24,505764,140,
1697,24,505764,140,
1698,24,505764,140,
1699,24,505766,143.98907,
1700,24,505758,110,
1701,24,505758,110,
1704,24,505764,140,
1705,24,505754,80,
1706,24,505754,80,
1707,24,505766,177.87003,
1708,24,505766,177.87003,
1709,24,505764,140,
1710,24,505743,40,
1711,24,505764,140,
1712,24,505766,175.75247,
1713,24,505766,177.87003,
1714,24,505764,140,
1715,24,505764,140,
1716,24,505772,260.99,
1717,24,505772,260.99,
1718,24,505764,140,
1720,24,505772,264.16,
1721,24,505765,150,
1722,24,505764,140,
1723,24,505772,263.1025,
1725,24,505772,263.1025,
1726,24,505766,175.75247,
1727,24,505766,177.87003,
1728,24,505764,140,
1729,24,505766,172.22376,
1730,24,505766,177.16362,
1731,24,505764,140,
1732,24,505766,172.22376,
1733,24,505766,177.16362,
1734,24,505764,140,
1735,24,505766,173.63491,
1736,24,505766,175.75247,
1737,24,505766,177.87003,
1738,24,505766,179.28118,
1739,24,505766,183.5163,
1740,24,505764,140,
1741,24,505766,177.87003,
1742,24,505743,40,
1743,24,505743,40,
1744,24,505743,40,
1745,24,505743,40,
1746,24,505743,40,
1747,24,505754,80,
1748,24,505764,140,
1749,24,505764,140,
1750,24,505764,140,
1751,24,505764,140,
1752,24,505772,262.045,
1754,24,505772,252.535,
1755,24,505761,125,
1757,24,505733,10,
1758,24,505746,54,
1759,24,505733,10,
1760,24,505733,10,
1761,24,505761,125,
1762,24,505757,100,
1763,24,505761,125,
1764,24,505757,100,
1765,24,505761,125,
1766,24,505757,100,
1767,24,505761,125,
1768,24,505757,100,
1769,24,505761,125,
1770,24,505757,100,
1771,24,505761,125,
1772,24,505757,100,
1773,24,505761,125,
1774,24,505757,100,
1775,24,505757,100,
1776,24,505757,100,
1777,24,505761,125,
1778,24,505757,100,
1779,24,505757,100,
1780,24,505757,100,
1781,24,505761,125,
1782,24,505757,100,
1783,24,505757,100,
1784,24,505757,100,
1785,24,505761,125,
1786,24,505757,100,
1787,24,505757,100,
1788,24,505757,100,
1789,24,505761,125,
1790,24,505757,100,
1791,24,505757,100,
1792,24,505757,100,
1793,24,505761,125,
1794,24,505757,100,
1795,24,505757,100,
1796,24,505757,100,
1797,24,505761,125,
1798,24,505757,100,
1799,24,505757,100,
1800,24,505757,100,
1801,24,505761,125,
1802,24,505757,100,
1803,24,505757,100,
1804,24,505757,100,
1808,24,505757,100,
1812,24,505757,100,
1813,24,505761,125,
1814,24,505757,100,
1815,24,505761,125,
1816,24,505757,100,
1817,24,505761,125,
1818,24,505757,100,
1819,24,505757,100,
1820,24,505761,125,
1821,24,505757,100,
1822,24,505757,100,
1823,24,505761,125,
1824,24,505757,100,
1825,24,505757,100,
1826,24,505757,100,
1827,24,505761,125,
1828,24,505757,100,
1829,24,505757,100,
1830,24,505757,100,
1832,24,505761,125,
1833,24,505757,100,
1834,24,505761,125,
1835,24,505757,100,
1836,24,505761,125,
1837,24,505757,100,
1838,24,505761,125,
1839,24,505761,125,
1840,24,505757,100,
1841,24,505746,54,
1842,24,505757,100,
1843,24,505733,10,
1844,24,505761,125,
1845,24,505757,100,
1846,24,505761,125,
1847,24,505757,100,
1848,24,505761,125,
1849,24,505761,125,
1850,24,505757,100,
1851,24,505761,125,
1852,24,505757,100,
1853,24,505761,125,
1854,24,505761,125,
1855,24,505757,100,
1857,24,505735,15,
1860,24,505747,55,
1861,24,505747,55,
1862,24,505747,55,
1865,24,505747,55,
1868,24,505757,100,
1869,24,505748,60,
1870,24,505747,55,
1871,24,505747,55,
1873,24,505747,55,
1874,24,505733,10,
1875,24,505733,10,
1876,24,505733,10,
1877,24,505733,10,
1878,24,505747,55,
1879,24,505757,100,
1880,24,505761,125,
1881,24,505757,100,
1882,24,505757,100,
1883,24,505757,100,
1884,24,505757,100,
1885,24,505757,100,
1887,24,505747,55,
1888,24,505747,55,
1893,24,505761,125,
1894,24,505757,100,
1895,24,505761,125,
1896,24,505757,100,
1897,24,505757,100,
1898,24,505757,100,
1899,24,505757,100,
1900,24,505761,125,
1901,24,505757,100,
1902,24,505757,100,
1903,24,505757,100,
1904,24,505757,100,
1905,24,505761,125,
1906,24,505757,100,
1907,24,505757,100,
1908,24,505761,125,
1909,24,505757,100,
1910,24,505757,100,
1911,24,505761,125,
1912,24,505757,100,
1913,24,505757,100,
1914,24,505757,100,
1915,24,505761,125,
1916,24,505757,100,
1917,24,505757,100,
1918,24,505757,100,
1921,24,505761,125,
1922,24,505761,125,
1931,24,505761,125,
1932,24,505757,100,
1933,24,505761,125,
1934,24,505757,100,
1935,24,505761,125,
1936,24,505746,54,
1937,24,505740,30,
1938,24,505747,55,
1939,24,505747,55,
1940,24,505747,55,
1941,24,505747,55,
1942,24,505747,55,
1943,24,505761,125,
1944,24,505757,100,
1961,24,505757,100,
1962,24,505757,100,
1963,24,505761,125,
1964,24,505757,100,
1965,24,505761,125,
1966,24,505757,100,
1967,24,505761,125,
1968,24,505757,100,
1969,24,505761,125,
1970,24,505757,100,
1971,24,505761,125,
1972,24,505757,100,
1973,24,505761,125,
1974,24,505757,100,
1977,24,505747,55,
1978,24,505747,55,
1979,24,505732,7,
1981,24,505756,85,
1982,24,505750,65,
1984,24,505756,85,
1985,24,505756,85,
1986,24,505758,110,
1987,24,505758,110,
1988,24,505756,85,
1989,24,505756,85,
1990,24,505756,85,
1991,24,505756,85,
1992,24,505762,128.91,
1993,24,505756,85,
1994,24,505756,85,
1995,24,505756,85,
1996,24,505756,85,
1997,24,505756,85,
1998,24,505756,85,
1999,24,505756,85,
2000,24,505756,85,
2001,24,505750,65,
2002,24,505750,65,
2003,24,505756,85,
2004,24,505756,85,
2005,24,505762,131.0225,
2006,24,505762,84.53125,
2007,24,505756,85,
2008,24,505750,65,
2009,24,505750,65,
2010,24,505750,65,
2011,24,505750,65,
2012,24,505750,65,
2013,24,505756,85,
2014,24,505756,85,
2015,24,505762,129.4375,
2016,24,505762,126.79625,
2017,24,505762,120.45625,
2018,24,505756,85,
2019,24,505756,85,
2020,24,505762,129.96625,
2021,24,505756,85,
2022,24,505756,85,
2023,24,505756,85,
2024,24,505756,85,
2025,24,505756,85,
2026,24,505756,85,
2027,24,505756,85,
2028,24,505756,85,
2029,24,505756,85,
2030,24,505756,85,
2031,24,505756,85,
2032,24,505756,85,
2033,24,505762,65.51125,
2034,24,505756,85,
2035,24,505756,85,
2036,24,505756,85,
2037,24,505756,85,
2038,24,505756,85,
2039,24,505756,85,
2040,24,505756,85,
2041,24,505756,85,
2042,24,505756,85,
2043,24,505756,85,
2044,24,505762,129.96625,
2045,24,505756,85,
2046,24,505756,85,
2047,24,505756,85,
2048,24,505756,85,
2049,24,505756,85,
2050,24,505756,85,
2051,24,505756,85,
2052,24,505756,85,
2053,24,505756,85,
2054,24,505756,85,
2055,24,505756,85,
2056,24,505756,85,
2057,24,505756,85,
2058,24,505756,85,
2059,24,505729,4,
2060,24,505756,85,
2061,24,505756,85,
2062,24,505757,100,
2063,24,505756,85,
2064,24,505756,85,
2065,24,505756,85,
2066,24,505756,85,
2067,24,505729,4,
2068,24,505756,85,
2069,24,505762,135.24875,
2070,24,505762,86.64375,
2071,24,505756,85,
2072,24,505762,119.92875,
2073,24,505756,85,
2074,24,505756,85,
2075,24,505756,85,
2076,24,505756,85,
2077,24,505756,85,
2078,24,505756,85,
2079,24,505756,85,
2080,24,505756,85,
2081,24,505756,85,
2082,24,505756,85,
2083,24,505756,85,
2084,24,505756,85,
2085,24,505756,85,
2086,24,505756,85,
2087,24,505756,85,
2088,24,505756,85,
2089,24,505756,85,
2090,24,505756,85,
2091,24,505729,4,
2092,24,505756,85,
2093,24,505756,85,
2094,24,505756,85,
2095,24,505756,85,
2096,24,505756,85,
2097,24,505756,85,
2098,24,505756,85,
2099,24,505756,85,
2100,24,505756,85,
2101,24,505756,85,
2102,24,505735,15,
2103,24,505756,85,
2104,24,505756,85,
2105,24,505756,85,
2106,24,505756,85,
2107,24,505756,85,
2109,24,505756,85,
2110,24,505756,85,
2111,24,505756,85,
2112,24,505756,85,
2113,24,505750,65,
2114,24,505750,65,
2115,24,505756,85,
2116,24,505756,85,
2117,24,505756,85,
2118,24,505756,85,
2119,24,505756,85,
2123,24,505756,85,
2124,24,505735,15,
2125,24,505756,85,
2126,24,505756,85,
2127,24,505756,85,
2128,24,505756,85,
2129,24,505756,85,
2130,24,505756,85,
2131,24,505756,85,
2132,24,505756,85,
2133,24,505756,85,
2134,24,505756,85,
2135,24,505756,85,
2136,24,505756,85,
2137,24,505756,85,
2139,24,505762,118.34375,
2140,24,505756,85,
2141,24,505756,85,
2142,24,505756,85,
2143,24,505756,85,
2144,24,505740,30,
2145,24,505756,85,
2146,24,505756,85,
2147,24,505756,85,
2148,24,505756,85,
2149,24,505762,131.0225,
2150,24,505762,119.92875,
2151,24,505756,85,
2152,24,505750,65,
2153,24,505750,65,
2154,24,505762,134.72125,
2155,24,505756,85,
2156,24,505756,85,
2157,24,505762,63.39875,
2158,24,505756,85,
2159,24,505756,85,
2160,24,505740,30,
2161,24,505762,73.965,
2162,24,505756,85,
2163,24,505756,85,
2164,24,505764,140,
2165,24,505756,85,
2166,24,505756,85,
2167,24,505751,70,
2168,24,505751,70,
2169,24,505764,140,
2170,24,505764,140,
2171,24,505764,140,
2172,24,505766,211.74932,
2174,24,505764,140,
2175,24,505737,20,
2176,24,505764,140,
2178,24,505764,140,
2179,24,505764,140,
2180,24,505764,140,
2181,24,505756,85,
2182,24,505751,70,
2183,24,505758,110,
2184,24,505758,110,
2185,24,505751,70,
2186,24,505756,85,
2187,24,505764,140,
2188,24,505756,85,
2189,24,505756,85,
2190,24,505756,85,
2191,24,505756,85,
2192,24,505762,129.4375,
2193,24,505755,94.71711,
2194,24,505756,85,
2195,24,505756,85,
2196,24,505756,85,
2197,24,505756,85,
2199,24,505756,85,
2200,24,505756,85,
2201,24,505740,30,
2202,24,505735,15,
2203,24,505735,15,
2204,24,505735,15,
2205,24,505735,15,
2206,24,505729,4,
2207,24,505756,85,
2208,24,505756,85,
2209,24,505756,85,
2210,24,505750,65,
2211,24,505750,65,
2212,24,505750,65,
2213,24,505756,85,
2214,24,505756,85,
2215,24,505762,123.62625,
2216,24,505756,85,
2217,24,505756,85,
2218,24,505756,85,
2219,24,505756,85,
2220,24,505762,114.11625,
2221,24,505756,85,
2222,24,505756,85,
2223,24,505756,85,
2224,24,505756,85,
2225,24,505756,85,
2226,24,505756,85,
2227,24,505756,85,
2228,24,505756,85,
2229,24,505762,119.92875,
2230,24,505756,85,
2231,24,505756,85,
2232,24,505762,140.5325,
2233,24,505762,134.72125,
2234,24,505756,85,
2235,24,505756,85,
2236,24,505756,85,
2237,24,505756,85,
2238,24,505756,85,
2239,24,505756,85,
2240,24,505758,110,
2241,24,505758,110,
2242,24,505758,110,
2243,24,505761,125,
2244,24,505764,140,
2245,24,505758,110,
2246,24,505758,110,
2247,24,505758,110,
2248,24,505758,110,
2249,24,505756,85,
2250,24,505756,85,
2251,24,505756,85,
2252,24,505756,85,
2253,24,505756,85,
2254,24,505758,110,
2255,24,505756,85,
2257,24,505762,127.325,
2258,24,505741,34.8714,
2259,24,505749,63.3984,
2261,24,505762,129.4375,
2262,24,505756,85,
2263,24,505756,85,
2264,24,505756,85,
2265,24,505762,123.62625,
2266,24,505756,85,
2267,24,505756,85,
2268,24,505756,85,
2269,24,505756,85,
2270,24,505762,129.4375,
2271,24,505756,85,
2272,24,505756,85,
2273,24,505756,85,
2274,24,505756,85,
2275,24,505762,73.965,
2276,24,505756,85,
2277,24,505756,85,
2278,24,505756,85,
2279,24,505756,85,
2280,24,505756,85,
2281,24,505756,85,
2282,24,505756,85,
2283,24,505758,110,
2284,24,505758,110,
2285,24,505756,85,
2286,24,505756,85,
2287,24,505729,4,
2288,24,505756,85,
2290,24,505756,85,
2291,24,505756,85,
2292,24,505756,85,
2293,24,505756,85,
2294,24,505756,85,
2295,24,505756,85,
2296,24,505756,85,
2299,24,505750,65,
2301,24,505756,85,
2303,24,505756,85,
2304,24,505756,85,
2305,24,505756,85,
2306,24,505756,85,
2307,24,505764,140,
2308,24,505766,138.3428,
2309,24,505762,128.91,
2310,24,505750,65,
2311,24,505750,65,
2312,24,505772,249.375,
2313,24,505756,85,
2314,24,505764,140,
2315,24,505758,110,
2316,24,505764,140,
2317,24,505756,85,
2318,24,505735,15,
2319,24,505756,85,
2320,24,505735,15,
2321,24,505735,15,
2322,24,505740,30,
2323,24,505751,70,
2324,24,505751,70,
2325,24,505750,65,
2326,24,505729,4,
2327,24,505756,85,
2328,24,505756,85,
2330,24,505756,85,
2331,24,505756,85,
2332,24,505756,85,
2333,24,505756,85,
2335,24,505764,140,
2336,24,505764,140,
2337,24,505740,30,
2338,24,505740,30,
2339,24,505736,15.4692,
2340,24,505736,15.5325,
2341,24,505740,30,
2342,24,505740,30,
2343,24,505756,85,
2344,24,505756,85,
2345,24,505756,85,
2346,24,505756,85,
2347,24,505756,85,
2348,24,505740,30,
2349,24,505740,30,
2350,24,505756,85,
2351,24,505736,15.4692,
2352,24,505756,85,
2353,24,505756,85,
2354,24,505762,77.1375,
2355,24,505740,30,
2356,24,505764,140,
2357,24,505764,140,
2358,24,505756,85,
2359,24,505756,85,
2360,24,505756,85,
2361,24,505756,85,
2362,24,505756,85,
2363,24,505756,85,
2364,24,505756,85,
2365,24,505756,85,
2366,24,505762,127.8525,
2367,24,505762,69.21,
2368,24,505756,85,
2369,24,505756,85,
2370,24,505756,85,
2371,24,505756,85,
2372,24,505762,82.425,
2373,24,505762,89.8125,
2374,24,505756,85,
2375,24,505756,85,
2376,24,505756,85,
2377,24,505756,85,
2378,24,505756,85,
2379,24,505756,85,
2380,24,505756,85,
2381,24,505756,85,
2382,24,505762,77.135,
2383,24,505756,85,
2384,24,505756,85,
2385,24,505756,85,
2386,24,505756,85,
2387,24,505756,85,
2388,24,505756,85,
2389,24,505762,135.24875,
2390,24,505762,110.94625,
2391,24,505756,85,
2392,24,505756,85,
2393,24,505756,85,
2394,24,505729,4,
2395,24,505756,85,
2396,24,505756,85,
2397,24,505756,85,
2398,24,505756,85,
2399,24,505756,85,
2400,24,505762,82.4175,
2401,24,505756,85,
2402,24,505756,85,
2403,24,505756,85,
2404,24,505756,85,
2405,24,505729,4,
2406,24,505756,85,
2407,24,505756,85,
2408,24,505756,85,
2409,24,505756,85,
2410,24,505756,85,
2411,24,505762,89.81375,
2412,24,505756,85,
2413,24,505756,85,
2414,24,505756,85,
2415,24,505756,85,
2416,24,505756,85,
2417,24,505758,110,
2418,24,505756,85,
2419,24,505758,110,
2420,24,505751,70,
2421,24,505758,110,
2422,24,505758,110,
2423,24,505758,110,
2424,24,505751,70,
2425,24,505766,127.05026,
2427,24,505764,140,
2429,24,505764,140,
2430,24,505756,85,
2431,24,505751,70,
2432,24,505756,85,
2433,24,505751,70,
2434,24,505756,85,
2435,24,505751,70,
2436,24,505751,70,
2437,24,505756,85,
2438,24,505751,70,
2439,24,505751,70,
2440,24,505740,30,
2441,24,505756,85,
2442,24,505756,85,
2443,24,505756,85,
2444,24,505756,85,
2445,24,505756,85,
2447,24,505762,113.06,
2448,24,505756,85,
2449,24,505756,85,
2450,24,505756,85,
2451,24,505756,85,
2452,24,505756,85,
2453,24,505756,85,
2454,24,505756,85,
2455,24,505756,85,
2456,24,505756,85,
2457,24,505756,85,
2458,24,505756,85,
2459,24,505756,85,
2460,24,505756,85,
2461,24,505756,85,
2462,24,505762,126.79625,
2463,24,505762,134.72125,
2464,24,505772,256.775,
2465,24,505749,62.13,
2466,24,505762,129.4375,
2467,24,505762,129.4375,
2468,24,505762,132.0875,
2469,24,505762,128.91,
2470,24,505756,85,
2471,24,505756,85,
2472,24,505756,85,
2473,24,505772,267.3425,
2474,24,505762,86.11625,
2475,24,505762,129.96625,
2476,24,505740,30,
2477,24,505740,30,
2478,24,505758,110,
2479,24,505758,110,
2480,24,505756,85,
2481,24,505756,85,
2482,24,505756,85,
2483,24,505756,85,
2484,24,505756,85,
2485,24,505756,85,
2486,24,505756,85,
2487,24,505756,85,
2490,24,505756,85,
2491,24,505756,85,
2492,24,505756,85,
2493,24,505756,85,
2494,24,505736,15.21555,
2495,24,505740,30,
2496,24,505740,30,
2497,24,505740,30,
2498,24,505736,15.21555,
2499,24,505730,5,
2500,24,505756,85,
2501,24,505756,85,
2502,24,505756,85,
2505,24,505758,110,
2506,24,505758,110,
2507,24,505740,30,
2508,24,505745,50,
2509,24,505740,30,
2510,24,505740,30,
2511,24,505735,15,
2512,24,505735,15,
2513,24,505735,15,
2514,24,505740,30,
2515,24,505740,30,
2516,24,505740,30,
2517,24,505745,50,
2518,24,505740,30,
2519,24,505740,30,
2521,24,505740,30,
2522,24,505740,30,
2523,24,505735,15,
2524,24,505735,15,
2525,24,505740,30,
2526,24,505740,30,
2527,24,505745,50,
2528,24,505740,30,
2529,24,505735,15,
2530,24,505735,15,
2531,24,505740,30,
2532,24,505740,30,
2533,24,505735,15,
2534,24,505740,30,
2535,24,505740,30,
2536,24,505745,50,
2537,24,505745,50,
2538,24,505745,50,
2539,24,505745,50,
2540,24,505740,30,
2543,24,505740,30,
2544,24,505740,30,
2545,24,505740,30,
2546,24,505745,50,
2547,24,505745,50,
2548,24,505735,15,
2549,24,505740,30,
2550,24,505745,50,
2551,24,505745,50,
2552,24,505745,50,
2553,24,505740,30,
2554,24,505740,30,
2555,24,505740,30,
2556,24,505740,30,
2557,24,505745,50,
2558,24,505735,15,
2559,24,505735,15,
2560,24,505735,15,
2561,24,505735,15,
2562,24,505735,15,
2563,24,505755,84.19271,
2564,24,505755,103.83798,
2565,24,505755,79.2816,
2566,24,505775,380.38875,
2567,24,505740,30,
2568,24,505740,30,
2569,24,505740,30,
2571,24,505740,30,
2572,24,505740,30,
2573,24,505745,50,
2574,24,505740,30,
2575,24,505740,30,
2576,24,505745,50,
2577,24,505745,50,
2578,24,505745,50,
2579,24,505745,50,
2580,24,505745,50,
2581,24,505745,50,
2582,24,505740,30,
2583,24,505745,50,
2584,24,505745,50,
2585,24,505740,30,
2586,24,505740,30,
2587,24,505740,30,
2588,24,505745,50,
2589,24,505740,30,
2590,24,505740,30,
2591,24,505745,50,
2592,24,505745,50,
2593,24,505735,15,
2594,24,505745,50,
2596,24,505735,15,
2597,24,505735,15,
2598,24,505735,15,
2599,24,505740,30,
2600,24,505740,30,
2601,24,505755,84.19271,
2602,24,505735,15,
2603,24,505735,15,
2604,24,505740,30,
2605,24,505735,15,
2607,24,505735,15,
2608,24,505735,15,
2610,24,505745,50,
2611,24,505740,30,
2612,24,505740,30,
2613,24,505745,50,
2614,24,505745,50,
2615,24,505740,30,
2616,24,505745,50,
2617,24,505745,50,
2618,24,505745,50,
2619,24,505745,50,
2620,24,505745,50,
2621,24,505745,50,
2622,24,505745,50,
2623,24,505735,15,
2624,24,505745,50,
2625,24,505745,50,
2626,24,505745,50,
2627,24,505745,50,
2628,24,505745,50,
2629,24,505735,15,
2632,24,505745,50,
2633,24,505745,50,
2635,24,505745,50,
2636,24,505745,50,
2637,24,505745,50,
2638,24,505745,50,
2639,24,505735,15,
2640,24,505735,15,
2641,24,505735,15,
2642,24,505745,50,
2643,24,505755,84.19271,
2644,24,505740,30,
2645,24,505745,50,
2650,24,505761,125,
2651,24,505757,100,
2652,24,505757,100,
2653,24,505761,125,
2654,24,505757,100,
2655,24,505757,100,
2656,24,505757,100,
2657,24,505757,100,
2658,24,505761,125,
2659,24,505757,100,
2660,24,505761,125,
2661,24,505761,125,
2662,24,505757,100,
2663,24,505761,125,
2664,24,505757,100,
2665,24,505733,10,
2666,24,505761,125,
2667,24,505757,100,
2668,24,505761,125,
2669,24,505757,100,
2670,24,505761,125,
2676,24,505761,125,
2683,24,505757,100,
2685,24,505748,60,
2687,24,505748,60,
2689,24,505748,60,
2690,24,505757,100,
2692,24,505748,60,
2694,24,505748,60,
2696,24,505748,60,
2698,24,505748,60,
2700,24,505748,60,
2702,24,505748,60,
2704,24,505748,60,
2705,24,505740,30,
2706,24,505735,15,
2707,24,505740,30,
2708,24,505747,55,
2712,24,505757,100,
2713,24,505757,100,
2786,24,505757,100,
2787,24,505761,125,
2788,24,505761,125,
2789,24,505756,85,
2790,24,505747,55,
2791,24,505747,55,
2792,24,505747,55,
2797,24,505747,55,
2835,24,505774,332.21079,
2837,24,505774,340.09623,
2838,24,505774,353.60937,
2841,24,505772,250,
2842,24,505774,363.74256,
2844,24,505755,78.03162,
2845,24,505755,78.03162,
2846,24,505755,78.03162,
2847,24,505755,78.03162,
2848,24,505755,84.20682,
2849,24,505769,187.55444,
2850,24,505769,187.55444,
2852,24,505769,187.55444,
2853,24,505775,375.6375,
2854,24,505775,391.8675,
2855,24,505775,386.79375,
2856,24,505775,393.135,
2857,24,505775,389.32875,
2858,24,505775,393.135,
2859,24,505775,389.32875,
2860,24,505775,386.79375,
2861,24,505775,390.6,
2862,24,505743,40,
2863,24,505772,270.4975,
2864,24,505772,152.16,
2865,24,505772,279.42,
2866,24,505741,38.0388,
2867,24,505772,297.9725,
2868,24,505772,255.3275,
2871,24,505772,290.825,
2873,24,505772,250.2525,
2875,24,505772,252.825,
2877,24,505772,252.825,
2879,24,505772,252.825,
2884,24,505772,253.54,
2885,24,505772,258.7075,
2888,24,505772,298.0225,
2889,24,505772,262.045,
2892,24,505772,308.55,
2893,24,505772,262.045,
2894,24,505772,307.885,
2895,24,505772,260.99,
2899,24,505772,280.0075,
2903,24,505772,280.0075,
2904,24,505772,264.16,
2905,24,505772,198.65,
2906,24,505772,175.4,
2908,24,505772,281.065,
2909,24,505772,250.425,
2911,24,505772,250.4225,
2914,24,505772,192.325,
2915,24,505772,273.675,
2916,24,505772,250.425,
2918,24,505775,375.63375,
2919,24,505775,375.63375,
2920,24,505775,388.90875,
2922,24,505772,262.045,
2926,24,505775,375.37875,
2928,24,505772,270.545,
2929,24,505772,266.3175,
2930,24,505772,251.5,
2931,24,505772,260.68,
2932,24,505772,239.2625,
2933,24,505775,375.63375,
2934,24,505755,77.75108,
2935,24,505755,77.75108,
2937,24,505755,84.20682,
2938,24,505775,375.37875,
2939,24,505772,308.59,
2940,24,505772,261,
2941,24,505772,250.2525,
2942,24,505772,250.425,
2943,24,505774,334.4652,
2948,24,505774,331.08525,
2949,24,505774,342.34731,
2951,24,505774,326.57976,
2952,24,505755,78.03162,
2954,24,505772,258.875,
2955,24,505772,258.875,
2956,24,505772,267.35,
2957,24,505772,160.8825,
2958,24,505772,276.8375,
2959,24,505772,262.09,
2960,24,505772,264.175,
2961,24,505772,264.175,
2962,24,505772,200,
2963,24,505772,252.55,
2964,24,505772,246.195,
2965,24,505772,269.455,
2966,24,505774,333.5661,
2967,24,505772,262.05,
2968,24,505772,264.16,
2969,24,505772,264.16,
2970,24,505772,269.54,
2971,24,505772,219.6,
2972,24,505772,286.3475,
2973,24,505772,298.725,
2974,24,505772,262.05,
2976,24,505772,250.425,
2977,24,505755,77.75108,
2978,24,505774,334.4652,
2980,24,505772,200,
2981,24,505772,275.6525,
2982,24,505772,245.75,
2983,24,505772,269.455,
2984,24,505735,15,
2985,24,505735,15,
2986,24,505761,125,
2987,24,505761,125,
2988,24,505761,125,
2989,24,505761,125,
2990,24,505761,125,
2991,24,505761,125,
2992,24,505757,100,
2993,24,505761,125,
2994,24,505757,100,
2995,24,505735,15,
2996,24,505761,125,
2997,24,505747,55,
2998,24,505747,55,
2999,24,505757,100,
3000,24,505761,125,
3001,24,505757,100,
3002,24,505761,125,
3003,24,505761,125,
3004,24,505761,125,
3005,24,505757,100,
3006,24,505757,100,
3007,24,505757,100,
3008,24,505747,55,
3009,24,505761,125,
3010,24,505757,100,
3011,24,505747,55,
3012,24,505757,100,
3013,24,505761,125,
3014,24,505761,125,
3015,24,505757,100,
3016,24,505747,55,
3017,24,505747,55,
3018,24,505761,125,
3019,24,505761,125,
3020,24,505761,125,
3021,24,505761,125,
3022,24,505757,100,
3023,24,505747,55,
3024,24,505761,125,
3025,24,505761,125,
3026,24,505761,125,
3027,24,505757,100,
3028,24,505761,125,
3029,24,505761,125,
3030,24,505757,100,
3031,24,505761,125,
3032,24,505757,100,
3033,24,505761,125,
3034,24,505761,125,
3035,24,505757,100,
3036,24,505761,125,
3037,24,505757,100,
3038,24,505761,125,
3039,24,505761,125,
3040,24,505757,100,
3041,24,505761,125,
3042,24,505757,100,
3043,24,505761,125,
3044,24,505757,100,
3045,24,505735,15,
3046,24,505761,125,
3047,24,505761,125,
3048,24,505747,55,
3049,24,505761,125,
3050,24,505747,55,
3051,24,505761,125,
3052,24,505761,125,
3053,24,505757,100,
3054,24,505747,55,
3055,24,505761,125,
3056,24,505761,125,
3057,24,505757,100,
3058,24,505761,125,
3059,24,505761,125,
3060,24,505761,125,
3061,24,505757,100,
3062,24,505761,125,
3063,24,505757,100,
3064,24,505761,125,
3065,24,505757,100,
3066,24,505761,125,
3067,24,505757,100,
3068,24,505761,125,
3069,24,505761,125,
3070,24,505757,100,
3071,24,505747,55,
3072,24,505761,125,
3073,24,505761,125,
3074,24,505757,100,
3075,24,505761,125,
3076,24,505757,100,
3077,24,505761,125,
3078,24,505757,100,
3079,24,505761,125,
3080,24,505757,100,
3081,24,505747,55,
3082,24,505761,125,
3083,24,505747,55,
3084,24,505747,55,
3085,24,505761,125,
3086,24,505757,100,
3087,24,505761,125,
3088,24,505747,55,
3089,24,505761,125,
3090,24,505757,100,
3091,24,505761,125,
3092,24,505761,125,
3093,24,505761,125,
3094,24,505757,100,
3095,24,505757,100,
3096,24,505761,125,
3097,24,505757,100,
3098,24,505747,55,
3099,24,505757,100,
3100,24,505761,125,
3101,24,505761,125,
3102,24,505761,125,
3103,24,505757,100,
3104,24,505757,100,
3105,24,505757,100,
3106,24,505761,125,
3107,24,505761,125,
3108,24,505757,100,
3109,24,505761,125,
3110,24,505757,100,
3111,24,505757,100,
3112,24,505747,55,
3113,24,505747,55,
3114,24,505761,125,
3115,24,505761,125,
3116,24,505757,100,
3117,24,505761,125,
3118,24,505761,125,
3119,24,505757,100,
3120,24,505757,100,
3121,24,505747,55,
3122,24,505761,125,
3123,24,505757,100,
3124,24,505757,100,
3125,24,505761,125,
3126,24,505757,100,
3127,24,505761,125,
3128,24,505757,100,
3129,24,505747,55,
3130,24,505747,55,
3131,24,505747,55,
3132,24,505747,55,
3133,24,505747,55,
3134,24,505757,100,
3135,24,505757,100,
3136,24,505757,100,
3137,24,505757,100,
3138,24,505757,100,
3139,24,505757,100,
3140,24,505757,100,
3141,24,505757,100,
3142,24,505757,100,
3143,24,505757,100,
3144,24,505757,100,
3145,24,505757,100,
3146,24,505757,100,
3147,24,505757,100,
3148,24,505757,100,
3149,24,505757,100,
3150,24,505757,100,
3151,24,505757,100,
3152,24,505757,100,
3153,24,505757,100,
3154,24,505757,100,
3155,24,505757,100,
3156,24,505757,100,
3157,24,505757,100,
3158,24,505757,100,
3159,24,505757,100,
3160,24,505757,100,
3161,24,505757,100,
3162,24,505757,100,
3163,24,505757,100,
3164,24,505757,100,
3165,24,505757,100,
3166,24,505757,100,
3167,24,505757,100,
3168,24,505757,100,
3169,24,505757,100,
3170,24,505757,100,
3171,24,505757,100,
3172,24,505757,100,
3173,24,505757,100,
3174,24,505757,100,
3175,24,505757,100,
3176,24,505757,100,
3177,24,505757,100,
3178,24,505757,100,
3179,24,505757,100,
3180,24,505761,125,
3181,24,505757,100,
3182,24,505761,125,
3183,24,505757,100,
3184,24,505761,125,
3185,24,505757,100,
3186,24,505761,125,
3187,24,505757,100,
3188,24,505761,125,
3189,24,505757,100,
3190,24,505757,100,
3191,24,505761,125,
3192,24,505757,100,
3193,24,505757,100,
3194,24,505761,125,
3195,24,505757,100,
3196,24,505761,125,
3197,24,505761,125,
3198,24,505761,125,
3199,24,505757,100,
3200,24,505761,125,
3201,24,505761,125,
3202,24,505761,125,
3203,24,505747,55,
3204,24,505761,125,
3205,24,505761,125,
3206,24,505757,100,
3207,24,505747,55,
3208,24,505761,125,
3209,24,505761,125,
3210,24,505757,100,
3211,24,505761,125,
3212,24,505757,100,
3213,24,505761,125,
3214,24,505747,55,
3215,24,505757,100,
3216,24,505761,125,
3217,24,505761,125,
3218,24,505747,55,
3219,24,505761,125,
3220,24,505757,100,
3221,24,505761,125,
3222,24,505747,55,
3223,24,505747,55,
3224,24,505747,55,
3225,24,505747,55,
3226,24,505747,55,
3227,24,505757,100,
3228,24,505757,100,
3230,24,505761,125,
3231,24,505761,125,
3232,24,505747,55,
3233,24,505761,125,
3234,24,505761,125,
3235,24,505761,125,
3237,24,505757,100,
3238,24,505757,100,
3239,24,505747,55,
3240,24,505756,85,
3241,24,505761,125,
3242,24,505747,55,
3243,24,505742,35,
3244,24,505762,121.5125,
3245,24,505762,156.3825,
3246,24,505743,40,
3247,24,505773,300,
3248,24,505773,300,
3249,24,505773,300,
3250,24,505773,300,
3251,24,505773,300,
3252,24,505742,35,
3253,24,505762,97.73875,
3254,24,505762,126.79625,
3255,24,505742,35,
3256,24,505762,93.5125,
3257,24,505742,35,
3258,24,505762,93.5125,
3259,24,505742,35,
3260,24,505762,93.5125,
3261,24,505762,138.41875,
3264,24,505762,93.5125,
3265,24,505762,135.24875,
3266,24,505762,138.41875,
3267,24,505742,35,
3268,24,505762,89.28625,
3269,24,505742,35,
3270,24,505762,90.3425,
3271,24,505762,126.79625,
3272,24,505742,35,
3273,24,505762,94.56875,
3274,24,505742,35,
3275,24,505762,93.5125,
3276,24,505762,138.41875,
3277,24,505762,135.24875,
3278,24,505735,15,
3279,24,505762,126.79625,
3280,24,505742,35,
3281,24,505762,90.3425,
3282,24,505742,35,
3283,24,505762,90.3475,
3284,24,505762,126.79625,
3285,24,505762,126.79625,
3286,24,505742,35,
3287,24,505762,102.49375,
3288,24,505742,35,
3289,24,505762,99.32375,
3290,24,505762,127.325,
3291,24,505742,35,
3292,24,505762,96.15375,
3293,24,505742,35,
3294,24,505762,87.70125,
3295,24,505742,35,
3296,24,505762,93.5125,
3297,24,505742,35,
3298,24,505762,107.97,
3299,24,505756,85,
3300,24,505742,35,
3301,24,505762,95.0975,
3302,24,505745,50,
3303,24,505740,30,
3304,24,505745,50,
3305,24,505740,30,
3306,24,505745,50,
3307,24,505740,30,
3308,24,505745,50,
3309,24,505735,15,
3310,24,505735,15,
3311,24,505735,15,
3312,24,505742,35,
3313,24,505762,88.7575,
3314,24,505762,133.665,
3315,24,505735,15,
3316,24,505747,55,
3317,24,505745,50,
3318,24,505745,50,
3319,24,505736,17.4345,
3320,24,505756,85,
3321,24,505756,85,
3322,24,505735,15,
3323,24,505735,15,
3324,24,505735,15,
3325,24,505735,15,
3326,24,505740,30,
3327,24,505737,20,
3328,24,505737,20,
3329,24,505736,18.243,
3330,24,505736,14.7084,
3331,24,505737,20,
3332,24,505756,85,
3333,24,505756,85,
3334,24,505742,35,
3335,24,505762,90.3425,
3336,24,505742,35,
3337,24,505762,90.87125,
3338,24,505740,30,
3339,24,505748,60,
3340,24,505762,121.5125,
3341,24,505762,90.875,
3342,24,505762,97.73875,
3343,24,505762,93.5125,
3344,24,505762,93.5125,
3345,24,505762,93.5125,
3347,24,505762,93.5125,
3348,24,505762,89.28625,
3349,24,505762,90.3425,
3350,24,505762,94.56875,
3351,24,505762,93.5125,
3352,24,505762,89.81375,
3353,24,505762,90.3425,
3354,24,505762,90.3425,
3355,24,505762,102.49375,
3356,24,505762,99.32375,
3357,24,505762,96.15375,
3358,24,505762,87.70125,
3359,24,505762,93.5125,
3360,24,505762,106.72,
3361,24,505762,95.0975,
3362,24,505745,50,
3363,24,505745,50,
3364,24,505745,50,
3365,24,505745,50,
3366,24,505735,15,
3367,24,505762,88.7575,
3368,24,505737,20,
3369,24,505737,20,
3370,24,505737,20,
3371,24,505756,85,
3372,24,505762,90.3425,
3373,24,505762,90.87125,
3374,24,505773,300,
3375,24,505773,300,
3376,24,505742,35,
3377,24,505762,90.87125,
3378,24,505762,137.3625,
3379,24,505762,135.24875,
3380,24,505742,35,
3381,24,505742,35,
3382,24,505762,93.5125,
3383,24,505742,35,
3384,24,505762,96.15375,
3385,24,505742,35,
3386,24,505762,94.56875,
3387,24,505742,35,
3388,24,505762,89.81375,
3389,24,505742,35,
3390,24,505762,86.64375,
3391,24,505773,300,
3392,24,505742,35,
3393,24,505762,104.6075,
3394,24,505742,35,
3395,24,505762,103.55,
3396,24,505740,30,
3397,24,505745,50,
3398,24,505745,50,
3399,24,505735,15,
3400,24,505742,35,
3401,24,505762,90.87125,
3403,24,505736,16.167,
3404,24,505756,85,
3407,24,505762,93.5125,
3408,24,505762,96.15375,
3409,24,505762,94.56875,
3410,24,505762,86.64375,
3411,24,505762,104.6075,
3412,24,505762,103.55,
3413,24,505745,50,
3414,24,505735,15,
3415,24,505762,90.87125,
3416,24,505736,16.167,
3418,24,505756,85,
3422,24,505761,125,
3423,24,505757,100,
3424,24,505733,10,
3425,24,505733,10,
3428,24,505761,125,
3429,24,505757,100,
3432,24,505761,125,
3433,24,505757,100,
3445,24,505761,125,
3446,24,505757,100,
3451,24,505761,125,
3452,24,505757,100,
3458,24,505761,125,
3460,24,505757,100,
3478,24,505761,125,
3479,24,505757,100,
3480,24,505757,100,
3481,24,505761,125,
3482,24,505757,100,
3483,24,505761,125,
3484,24,505757,100,
3485,24,505733,10,
3486,24,505733,10,
3487,24,505761,125,
3488,24,505757,100,
3489,24,505761,125,
3490,24,505757,100,
3491,24,505761,125,
3492,24,505757,100,
3493,24,505761,125,
3494,24,505757,100,
3495,24,505761,125,
3496,24,505757,100,
3497,24,505761,125,
3498,24,505757,100,
3499,24,505761,125,
3500,24,505757,100,
3501,24,505761,125,
3502,24,505757,100,
3503,24,505761,125,
3504,24,505757,100,
3505,24,505761,125,
3506,24,505757,100,
3507,24,505761,125,
3508,24,505757,100,
3509,24,505761,125,
3510,24,505757,100,
3511,24,505761,125,
3512,24,505757,100,
3513,24,505761,125,
3514,24,505757,100,
3515,24,505757,100,
3516,24,505757,100,
3517,24,505757,100,
3518,24,505761,125,
3519,24,505757,100,
3520,24,505757,100,
3521,24,505757,100,
3522,24,505757,100,
3523,24,505761,125,
3524,24,505757,100,
3525,24,505757,100,
3526,24,505761,125,
3527,24,505757,100,
3528,24,505757,100,
3529,24,505761,125,
3530,24,505757,100,
3531,24,505757,100,
3532,24,505761,125,
3533,24,505757,100,
3534,24,505757,100,
3535,24,505761,125,
3536,24,505757,100,
3537,24,505757,100,
3538,24,505761,125,
3539,24,505757,100,
3540,24,505757,100,
3541,24,505761,125,
3542,24,505757,100,
3543,24,505757,100,
3544,24,505761,125,
3545,24,505757,100,
3546,24,505757,100,
3547,24,505761,125,
3548,24,505757,100,
3549,24,505757,100,
3550,24,505761,125,
3551,24,505757,100,
3552,24,505757,100,
3553,24,505761,125,
3554,24,505757,100,
3555,24,505757,100,
3556,24,505761,125,
3557,24,505757,100,
3558,24,505757,100,
3559,24,505761,125,
3560,24,505757,100,
3561,24,505757,100,
3562,24,505748,60,
3563,24,505761,125,
3564,24,505757,100,
3565,24,505761,125,
3566,24,505757,100,
3567,24,505761,125,
3568,24,505757,100,
3569,24,505761,125,
3570,24,505757,100,
3571,24,505761,125,
3572,24,505757,100,
3573,24,505761,125,
3574,24,505757,100,
3575,24,505761,125,
3576,24,505757,100,
3577,24,505761,125,
3578,24,505757,100,
3579,24,505761,125,
3580,24,505757,100,
3581,24,505761,125,
3582,24,505757,100,
3583,24,505761,125,
3584,24,505757,100,
3585,24,505761,125,
3586,24,505757,100,
3587,24,505761,125,
3588,24,505757,100,
3589,24,505761,125,
3590,24,505757,100,
3591,24,505757,100,
3592,24,505761,125,
3593,24,505757,100,
3594,24,505757,100,
3595,24,505761,125,
3596,24,505757,100,
3597,24,505757,100,
3598,24,505761,125,
3599,24,505757,100,
3600,24,505761,125,
3601,24,505757,100,
3602,24,505757,100,
3603,24,505761,125,
3604,24,505757,100,
3605,24,505757,100,
3606,24,505761,125,
3607,24,505757,100,
3608,24,505761,125,
3609,24,505757,100,
3610,24,505761,125,
3611,24,505757,100,
3612,24,505761,125,
3613,24,505757,100,
3614,24,505761,125,
3615,24,505757,100,
3616,24,505757,100,
3617,24,505761,125,
3618,24,505757,100,
3619,24,505757,100,
3620,24,505761,125,
3621,24,505757,100,
3622,24,505761,125,
3623,24,505757,100,
3624,24,505761,125,
3625,24,505761,125,
3626,24,505757,100,
3627,24,505761,125,
3628,24,505757,100,
3629,24,505761,125,
3630,24,505757,100,
3631,24,505761,125,
3632,24,505757,100,
3633,24,505761,125,
3634,24,505757,100,
3635,24,505761,125,
3636,24,505757,100,
3637,24,505761,125,
3638,24,505757,100,
3639,24,505757,100,
3640,24,505748,60,
3641,24,505761,125,
3642,24,505761,125,
3643,24,505757,100,
3645,24,505761,125,
3647,24,505761,125,
3648,24,505761,125,
3649,24,505761,125,
3650,24,505757,100,
3651,24,505757,100,
3652,24,505761,125,
3653,24,505757,100,
3654,24,505761,125,
3655,24,505757,100,
3656,24,505761,125,
3657,24,505757,100,
3658,24,505761,125,
3659,24,505757,100,
3660,24,505761,125,
3661,24,505757,100,
3662,24,505761,125,
3663,24,505757,100,
3664,24,505761,125,
3665,24,505757,100,
3666,24,505761,125,
3667,24,505757,100,
3671,24,505756,85,
3672,24,505756,85,
3673,24,505756,85,
3675,24,505756,85,
3676,24,505756,85,
3677,24,505756,85,
3681,24,505747,55,
3682,24,505747,55,
3683,24,505747,55,
3684,24,505747,55,
3685,24,505747,55,
3686,24,505747,55,
3688,24,505747,55,
3690,24,505752,75,
3693,24,505747,55,
3695,24,505752,75,
3696,24,505752,75,
3697,24,505752,75,
3700,24,505752,75,
3702,24,505752,75,
3703,24,505752,75,
3708,24,505747,55,
3709,24,505747,55,
3710,24,505752,75,
3711,24,505752,75,
3712,24,505752,75,
3714,24,505752,75,
3715,24,505752,75,
3725,24,505752,75,
3726,24,505752,75,
3731,24,505752,75,
3732,24,505752,75,
3733,24,505752,75,
3735,24,505752,75,
3737,24,505752,75,
3738,24,505752,75,
3739,24,505737,20,
3740,24,505757,100,
3742,24,505757,100,
3743,24,505757,100,
3744,24,505747,55,
3746,24,505747,55,
3748,24,505754,80,
3753,24,505754,80,
3754,24,505754,80,
3759,24,505754,80,
3760,24,505754,80,
3761,24,505754,80,
3762,24,505747,55,
3763,24,505747,55,
3765,24,505747,55,
3767,24,505761,125,
3773,24,505754,80,
3776,24,505761,125,
3777,24,505761,125,
3778,24,505761,125,
3784,24,505754,80,
3785,24,505754,80,
3786,24,505747,55,
3787,24,505747,55,
3792,24,505754,80,
3793,24,505754,80,
3794,24,505754,80,
3799,24,505754,80,
3800,24,505761,125,
3801,24,505761,125,
3803,24,505740,30,
3804,24,505743,40,
3807,24,505743,40,
3808,24,505740,30,
3809,24,505740,30,
3810,24,505740,30,
3811,24,505740,30,
3812,24,505740,30,
3813,24,505740,30,
3816,24,505743,40,
3818,24,505740,30,
3819,24,505740,30,
3820,24,505740,30,
3821,24,505740,30,
3822,24,505740,30,
3823,24,505740,30,
3824,24,505740,30,
3825,24,505740,30,
3826,24,505740,30,
3827,24,505740,30,
3828,24,505740,30,
3829,24,505740,30,
3830,24,505740,30,
3831,24,505740,30,
3832,24,505740,30,
3833,24,505737,20,
3835,24,505743,40,
3837,24,505740,30,
3838,24,505740,30,
3839,24,505740,30,
3840,24,505743,40,
3842,24,505740,30,
3843,24,505740,30,
3844,24,505740,30,
3845,24,505740,30,
3846,24,505740,30,
3849,24,505740,30,
3850,24,505743,40,
3851,24,505740,30,
3853,24,505740,30,
3854,24,505740,30,
3855,24,505740,30,
3856,24,505738,21,
3857,24,505740,30,
3858,24,505740,30,
3859,24,505740,30,
3860,24,505740,30,
3861,24,505740,30,
3862,24,505740,30,
3863,24,505740,30,
3864,24,505740,30,
3865,24,505737,20,
3866,24,505737,20,
3867,24,505737,20,
3868,24,505740,30,
3869,24,505740,30,
3870,24,505737,20,
3871,24,505737,20,
3872,24,505737,20,
3873,24,505740,30,
3874,24,505740,30,
3875,24,505737,20,
3876,24,505740,30,
3877,24,505740,30,
3878,24,505737,20,
3879,24,505740,30,
3880,24,505738,21,
3882,24,505747,55,
3883,24,505747,55,
3884,24,505747,55,
3885,24,505732,7,
3886,24,505732,7,
3887,24,505747,55,
3888,24,505747,55,
3889,24,505747,55,
3890,24,505747,55,
3891,24,505747,55,
3892,24,505747,55,
3893,24,505747,55,
3895,24,505747,55,
3896,24,505747,55,
3897,24,505747,55,
3898,24,505747,55,
3900,24,505747,55,
3901,24,505747,55,
3902,24,505747,55,
3903,24,505747,55,
3904,24,505747,55,
3905,24,505747,55,
3906,24,505747,55,
3907,24,505747,55,
3908,24,505747,55,
3909,24,505747,55,
3910,24,505752,75,
3911,24,505752,75,
3912,24,505756,85,
3913,24,505730,5,
3914,24,505730,5,
3915,24,505758,110,
3916,24,505758,110,
3919,24,505758,110,
3920,24,505758,110,
3921,24,505758,110,
3923,24,505758,110,
3924,24,505758,110,
3925,24,505758,110,
3930,24,505752,75,
3935,24,505752,75,
3936,24,505752,75,
3941,24,505758,110,
3942,24,505758,110,
3943,24,505758,110,
3944,24,505758,110,
3945,24,505758,110,
3947,24,505758,110,
3948,24,505758,110,
3950,24,505758,110,
3951,24,505758,110,
3952,24,505758,110,
3954,24,505758,110,
3955,24,505758,110,
3957,24,505758,110,
3958,24,505758,110,
3959,24,505758,110,
3960,24,505758,110,
3961,24,505758,110,
3962,24,505758,110,
3963,24,505758,110,
3964,24,505758,110,
3968,24,505735,15,
3970,24,505738,21,
3971,24,505738,21,
3972,24,505738,21,
3973,24,505747,55,
3974,24,505738,21,
3979,24,505747,55,
3980,24,505747,55,
3981,24,505747,55,
3982,24,505747,55,
3983,24,505747,55,
3984,24,505747,55,
3985,24,505747,55,
3986,24,505747,55,
3987,24,505747,55,
3988,24,505747,55,
3989,24,505747,55,
3990,24,505747,55,
3991,24,505747,55,
3994,24,505740,30,
3995,24,505747,55,
3996,24,505747,55,
3997,24,505747,55,
3998,24,505752,75,
4000,24,505752,75,
4001,24,505737,20,
4009,24,505740,30,
4010,24,505740,30,
4015,24,505752,75,
4016,24,505752,75,
4017,24,505752,75,
4018,24,505758,110,
4020,24,505758,110,
4022,24,505752,75,
4028,24,505747,55,
4031,24,505738,21,
4032,24,505740,30,
4033,24,505738,21,
4034,24,505738,21,
4035,24,505752,75,
4036,24,505752,75,
4037,24,505740,30,
4038,24,505737,20,
4039,24,505737,20,
4040,24,505737,20,
4041,24,505737,20,
4042,24,505737,20,
4043,24,505737,20,
4044,24,505752,75,
4045,24,505758,110,
4046,24,505758,110,
4047,24,505740,30,
4048,24,505747,55,
4049,24,505747,55,
4051,24,505740,30,
4052,24,505737,20,
4053,24,505747,55,
4054,24,505747,55,
4055,24,505758,110,
4056,24,505758,110,
4057,24,505758,110,
4058,24,505758,110,
4059,24,505747,55,
4060,24,505740,30,
4061,24,505747,55,
4063,24,505752,75,
4065,24,505752,75,
4066,24,505752,75,
4067,24,505752,75,
4068,24,505752,75,
4069,24,505740,30,
4071,24,505737,20,
4072,24,505737,20,
4073,24,505747,55,
4075,24,505770,200,
4076,24,505770,200,
4077,24,505770,200,
4078,24,505770,200,
4079,24,505770,200,
4080,24,505770,200,
4081,24,505743,40,
4082,24,505747,55,
4083,24,505737,20,
4085,24,505740,30,
4086,24,505740,30,
4087,24,505745,50,
4088,24,505745,50,
4089,24,505745,50,
4091,24,505745,50,
4092,24,505745,50,
4093,24,505745,50,
4094,24,505740,30,
4095,24,505737,20,
4096,24,505737,20,
4097,24,505737,20,
4108,24,505745,50,
4110,24,505745,50,
4111,24,505745,50,
4112,24,505745,50,
4113,24,505745,50,
4114,24,505745,50,
4115,24,505745,50,
4116,24,505745,50,
4117,24,505745,50,
4118,24,505745,50,
4119,24,505745,50,
4120,24,505745,50,
4123,24,505745,50,
4124,24,505735,15,
4125,24,505735,15,
4126,24,505735,15,
4127,24,505745,50,
4128,24,505745,50,
4129,24,505745,50,
4130,24,505745,50,
4132,24,505745,50,
4133,24,505745,50,
4134,24,505745,50,
4137,24,505743,40,
4138,24,505743,40,
4139,24,505735,15,
4140,24,505735,15,
4141,24,505753,75,
4142,24,505753,75,
4143,24,505743,40,
4145,24,505743,40,
4146,24,505735,15,
4147,24,505735,15,
4148,24,505735,15,
4149,24,505743,40,
4151,24,505743,40,
4153,24,505735,15,
4154,24,505735,15,
4155,24,505735,15,
4156,24,505769,116.01104,
4157,24,505769,170.04224,
4158,24,505769,136.67036,
4159,24,505733,10,
4163,24,505769,104.8852,
4164,24,505769,139.84756,
4165,24,505769,117.6128,
4167,24,505743,40,
4168,24,505743,40,
4169,24,505743,40,
4171,24,505743,40,
4172,24,505743,40,
4173,24,505743,40,
4174,24,505743,40,
4175,24,505735,15,
4176,24,505743,40,
4177,24,505743,40,
4179,24,505743,40,
4180,24,505743,40,
4181,24,505749,79.8816,
4183,24,505740,30,
4184,24,505743,40,
4185,24,505743,40,
4186,24,505743,40,
4187,24,505763,130,
4188,24,505763,130,
4189,24,505763,130,
4190,24,505743,40,
4191,24,505743,40,
4192,24,505749,60.864,
4193,24,505749,79.6278,
4195,24,505743,40,
4196,24,505743,40,
4197,24,505743,40,
4198,24,505743,40,
4199,24,505740,30,
4201,24,505743,40,
4202,24,505743,40,
4205,24,505743,40,
4206,24,505743,40,
4207,24,505743,40,
4208,24,505743,40,
4209,24,505743,40,
4210,24,505743,40,
4211,24,505743,40,
4212,24,505743,40,
4213,24,505743,40,
4214,24,505743,40,
4215,24,505743,40,
4217,24,505743,40,
4218,24,505743,40,
4219,24,505743,40,
4220,24,505743,40,
4221,24,505728,3,
4222,24,505743,40,
4223,24,505730,5,
4224,24,505730,5,
4228,24,505763,130,
4229,24,505737,20,
4230,24,505763,130,
4233,24,505763,130,
4237,24,505763,130,
4243,24,505763,130,
4244,24,505763,130,
4245,24,505763,130,
4247,24,505763,130,
4249,24,505763,130,
4252,24,505763,130,
4254,24,505763,130,
4257,24,505763,130,
4258,24,505763,130,
4259,24,505737,20,
4260,24,505763,130,
4261,24,505763,130,
4262,24,505763,130,
4264,24,505763,130,
4265,24,505763,130,
4266,24,505763,130,
4267,24,505763,130,
4268,24,505753,75,
4270,24,505753,75,
4271,24,505763,130,
4272,24,505763,130,
4273,24,505735,15,
4274,24,505763,130,
4276,24,505763,130,
4279,24,505763,130,
4280,24,505763,130,
4282,24,505742,35,
4284,24,505742,35,
4286,24,505742,35,
4287,24,505753,75,
4288,24,505769,104.8852,
4289,24,505769,104.8852,
4290,24,505753,62.7645,
4291,24,505753,75,
4292,24,505769,114.42056,
4293,24,505736,17.2449,
4294,24,505737,20,
4295,24,505736,20.27025,
4296,24,505736,21.2835,
4297,24,505743,40,
4298,24,505736,20.289,
4299,24,505737,20,
4300,24,505737,20,
4303,24,505755,92.628,
4304,24,505755,92.628,
4306,24,505763,130,
4308,24,505763,130,
4310,24,505763,130,
4312,24,505763,130,
4314,24,505763,130,
4316,24,505763,130,
4317,24,505729,4,
4318,24,505729,4,
4319,24,505740,30,
4320,24,505729,4,
4321,24,505749,77.0922,
4322,24,505741,41.5893,
4323,24,505741,41.5893,
4324,24,505741,39.306,
4325,24,505741,42.0984,
4326,24,505749,79.884,
4327,24,505741,41.8428,
4328,24,505749,79.8816,
4329,24,505749,79.8816,
4330,24,505749,80.1354,
4331,24,505740,30,
4332,24,505740,30,
4333,24,505740,30,
4334,24,505749,83.1786,
4335,24,505743,40,
4336,24,505742,35,
4337,24,505742,35,
4340,24,505742,35,
4350,24,505769,114.42056,
4351,24,505745,50,
4352,24,505745,50,
4354,24,505740,30,
4358,24,505737,20,
4359,24,505735,15,
4360,24,505745,50,
4361,24,505745,50,
4362,24,505735,15,
4363,24,505735,15,
4364,24,505745,50,
4365,24,505735,15,
4366,24,505745,50,
4367,24,505735,15,
4369,24,505745,50,
4371,24,505745,50,
4372,24,505745,50,
4373,24,505743,40,
4374,24,505742,35,
4375,24,505742,35,
4376,24,505742,35,
4377,24,505742,35,
4378,24,505742,35,
4379,24,505736,20.27025,
4380,24,505743,40,
4381,24,505735,15,
4382,24,505745,50,
4383,24,505745,50,
4386,24,505745,50,
4387,24,505735,15,
4388,24,505735,15,
4389,24,505735,15,
4390,24,505735,15,
4391,24,505745,50,
4392,24,505745,50,
4393,24,505745,50,
4394,24,505745,50,
4396,24,505729,4,
4397,24,505740,30,
4398,24,505740,30,
4400,24,505740,30,
4401,24,505740,30,
4402,24,505740,30,
4403,24,505740,30,
4405,24,505740,30,
4407,24,505745,50,
4409,24,505744,45,
4410,24,505740,30,
4411,24,505744,45,
4412,24,505744,45,
4413,24,505764,140,
4414,24,505744,45,
4415,24,505744,45,
4416,24,505735,15,
4417,24,505740,30,
4418,24,505740,30,
4419,24,505733,10,
4420,24,505744,45,
4421,24,505743,40,
4422,24,505744,45,
4423,24,505764,140,
4424,24,505744,45,
4425,24,505764,140,
4426,24,505744,45,
4427,24,505764,140,
4428,24,505735,15,
4429,24,505740,30,
4430,24,505740,30,
4431,24,505740,30,
4432,24,505744,45,
4433,24,505744,45,
4434,24,505744,45,
4435,24,505740,30,
4436,24,505744,45,
4437,24,505744,45,
4438,24,505744,45,
4439,24,505744,45,
4440,24,505744,45,
4441,24,505744,45,
4442,24,505735,15,
4443,24,505735,15,
4444,24,505740,30,
4445,24,505740,30,
4446,24,505740,30,
4447,24,505740,30,
4448,24,505744,45,
4449,24,505744,45,
4450,24,505764,140,
4451,24,505740,30,
4452,24,505756,85,
4453,24,505771,215,
4454,24,505771,215,
4455,24,505771,215,
4458,24,505771,215,
4459,24,505739,25,
4460,24,505756,85,
4461,24,505771,215,
4462,24,505756,85,
4463,24,505771,215,
4464,24,505771,215,
4465,24,505740,30,
4466,24,505771,215,
4467,24,505744,45,
4468,24,505771,215,
4469,24,505771,215,
4470,24,505740,30,
4471,24,505744,45,
4472,24,505744,45,
4473,24,505764,140,
4474,24,505744,45,
4475,24,505764,140,
4476,24,505744,45,
4477,24,505764,140,
4478,24,505744,45,
4479,24,505771,215,
4480,24,505771,215,
4481,24,505744,45,
4482,24,505764,140,
4483,24,505771,215,
4484,24,505740,30,
4485,24,505744,45,
4486,24,505764,140,
4487,24,505744,45,
4488,24,505740,30,
4489,24,505764,140,
4490,24,505764,140,
4491,24,505744,45,
4492,24,505764,140,
4493,24,505743,40,
4495,24,505744,45,
4496,24,505744,45,
4497,24,505764,140,
4498,24,505744,45,
4499,24,505740,30,
4500,24,505740,30,
4501,24,505740,30,
4502,24,505756,85,
4503,24,505771,215,
4504,24,505756,85,
4505,24,505771,215,
4510,24,505756,85,
4511,24,505771,215,
4512,24,505756,85,
4513,24,505756,85,
4514,24,505771,215,
4515,24,505756,85,
4516,24,505756,85,
4517,24,505771,215,
4518,24,505756,85,
4519,24,505771,215,
4521,24,505756,85,
4522,24,505756,85,
4523,24,505764,140,
4525,24,505764,140,
4528,24,505735,15,
4529,24,505744,45,
4530,24,505740,30,
4532,24,505770,200,
4533,24,505770,200,
4534,24,505770,200,
4535,24,505770,200,
4536,24,505770,200,
4537,24,505770,200,
4538,24,505770,200,
4539,24,505770,200,
4541,24,505770,200,
4542,24,505770,200,
4543,24,505770,200,
4544,24,505770,200,
4548,24,505758,110,
4550,24,505770,200,
4551,24,505770,200,
4552,24,505770,200,
4553,24,505752,75,
4554,24,505752,75,
4556,24,505751,70,
4557,24,505762,125,
4561,24,505772,250,
4562,24,505772,250,
4563,24,505772,250,
4586,24,505757,100,
4587,24,505770,200,
4588,24,505770,200,
4590,24,505770,200,
4591,24,505770,200,
4605,24,505773,300,
4607,24,505770,200,
4609,24,505770,200,
4610,24,505770,200,
4616,24,505770,200,
4617,24,505770,200,
4618,24,505770,200,
4619,24,505770,200,
4620,24,505770,200,
4621,24,505770,200,
4622,24,505770,200,
4623,24,505770,200,
4624,24,505770,200,
4626,24,505770,200,
4627,24,505770,200,
4628,24,505770,200,
4629,24,505770,200,
4632,24,505770,200,
4633,24,505770,200,
4634,24,505770,200,
4635,24,505770,200,
4636,24,505770,200,
4637,24,505770,200,
4638,24,505770,200,
4639,24,505770,200,
4641,24,505770,200,
4644,24,505770,200,
4645,24,505770,200,
4646,24,505748,60,
4647,24,505770,200,
4648,24,505770,200,
4649,24,505770,200,
4650,24,505770,200,
4651,24,505770,200,
4652,24,505770,200,
4653,24,505757,100,
4655,24,505747,55,
4656,24,505756,85,
4662,24,505751,70,
4663,24,505751,70,
4664,24,505751,70,
4665,24,505764,140,
4666,24,505764,140,
4669,24,505770,200,
4711,24,505772,264.15,
4721,24,505733,10,
4722,24,505740,30,
4724,24,505729,4,
4725,24,505729,4,
4727,24,505741,38.673,
4728,24,505772,246.2,
4729,24,505736,16.2165,
4730,24,505736,18.243,
4731,24,505736,18.2433,
4733,24,505749,28.11,
4734,24,505749,63.906,
4735,24,505762,132.075,
4736,24,505762,126.8,
4745,24,505761,125,
4746,24,505757,100,
4757,24,505761,125,
4758,24,505757,100,
4776,24,505743,40,
4779,24,505741,30.4314,
4780,24,505772,258.75,
4781,24,505761,125,
4782,24,505757,100,
4783,24,505761,125,
4784,24,505757,100,
4785,24,505761,125,
4786,24,505757,100,
4791,24,505761,125,
4792,24,505757,100,
4794,24,505761,125,
4795,24,505757,100,
4797,24,505761,125,
4800,24,505757,100,
4809,24,505761,125,
4810,24,505757,100,
4811,24,505761,125,
4812,24,505757,100,
4813,24,505761,125,
4814,24,505757,100,
4815,24,505761,125,
4816,24,505757,100,
4817,24,505761,125,
4818,24,505757,100,
4819,24,505761,125,
4820,24,505757,100,
4821,24,505761,125,
4828,24,505735,15,
4829,24,505743,40,
4830,24,505735,15,
4831,24,505735,15,
4832,24,505743,40,
4833,24,505769,184.3528,
4839,24,505757,100,
4840,24,505757,100,
4841,24,505757,100,
4843,24,505747,55,
4845,24,505766,152.4543,
4846,24,505766,125.6341,
4847,24,505764,140,
4848,24,505756,85,
4849,24,505756,85,
4850,24,505758,110,
4851,24,505756,85,
4853,24,505729,4,
4854,24,505756,85,
4855,24,505756,85,
4856,24,505762,113.06,
4857,24,505740,30,
4858,24,505740,30,
4860,24,505740,30,
4861,24,505740,30,
4862,24,505740,30,
4864,24,505729,4,
4865,24,505756,85,
4866,24,505756,85,
4867,24,505762,96.15375,
4868,24,505730,5,
4869,24,505742,35,
4870,24,505740,30,
4871,24,505740,30,
4872,24,505740,30,
4873,24,505740,30,
4874,24,505771,215,
4875,24,505757,100,
4878,24,505766,151.0348,
4879,24,505758,110,
4880,24,505756,85,
4881,24,505756,85,
4882,24,505756,85,
4883,24,505756,85,
4884,24,505735,15,
4885,24,505758,110,
4886,24,505735,15,
4887,24,505743,40,
4888,24,505756,85,
4890,24,505731,2.9065,
4891,24,505731,5.05,
4905,24,505762,63.35,
4906,24,505756,85,
4909,24,505756,85,
4910,24,505756,85,
4911,24,505756,85,
4912,24,505756,85,
4913,24,505756,85,
4914,24,505756,85,
4915,24,505737,20,
4917,24,505769,103.306,
4919,24,505773,300,
4925,24,505773,300,
4931,24,505770,200,
4933,24,505773,300,
4935,24,505773,300,
4936,24,505773,300,
4939,24,505773,300,
4940,24,505773,300,
4941,24,505773,300,
4942,24,505773,300,
4954,24,505773,300,
4962,24,505770,200,
4963,24,505773,300,
4964,24,505773,300,
4965,24,505770,200,
4970,24,505731,5.2625,
4973,24,505756,85,
4974,24,505756,85,
4975,24,505745,50,
4976,24,505745,50,
4979,24,505775,375.375,
4980,24,505775,393.135,
4981,24,505772,250.5,
4985,24,505772,250.425,
4986,24,505756,85,
4988,24,505761,125,
4989,24,505761,125,
4990,24,505752,75,
4993,24,505761,125,
4994,24,505747,55,
4995,24,505748,60,
4996,24,505757,100,
4997,24,505748,60,
4998,24,505748,60,
5001,24,505749,63.9,
5002,24,505747,55,
5009,24,505748,60,
5010,24,505748,60,
5011,24,505748,60,
5067,24,505740,30,
5069,24,505740,30,
5112,24,505747,55,
5113,24,505747,55,
5114,24,505740,30,
5124,24,505740,30,
5132,24,505747,55,
5133,24,505747,55,
5134,24,505747,55,
5135,24,505747,55,
5136,24,505747,55,
5137,24,505747,55,
5139,24,505747,55,
5144,24,505740,30,
5145,24,505740,30,
5148,24,505740,30,
5153,24,505740,30,
5155,24,505747,55,
5158,24,505747,55,
5161,24,505740,30,
5168,24,505740,30,
5173,24,505761,125,
5174,24,505740,30,
5175,24,505761,125,
5176,24,505761,125,
5178,24,505761,125,
5179,24,505761,125,
5180,24,505757,100,
5181,24,505757,100,
5182,24,505757,100,
5184,24,505757,100,
5185,24,505757,100,
5186,24,505757,100,
5187,24,505761,125,
5188,24,505761,125,
5189,24,505757,100,
5203,24,505761,125,
5204,24,505757,100,
5205,24,505757,100,
5206,24,505761,125,
5207,24,505757,100,
5208,24,505740,30,
5209,24,505761,125,
5211,24,505757,100,
5212,24,505757,100,
5213,24,505757,100,
5214,24,505761,125,
5215,24,505761,125,
5216,24,505757,100,
5217,24,505757,100,
5218,24,505757,100,
5219,24,505757,100,
5220,24,505761,125,
5221,24,505761,125,
5222,24,505757,100,
5223,24,505757,100,
5224,24,505757,100,
5225,24,505757,100,
5226,24,505757,100,
5227,24,505757,100,
5228,24,505761,125,
5229,24,505757,100,
5230,24,505757,100,
5240,24,505737,20,
5241,24,505772,258.875,
5253,24,505772,246.25,
5254,24,505772,246.25,
5255,24,505772,262.045,
5256,24,505772,259.125,
5257,24,505772,261.9,
5258,24,505772,260.375,
5260,24,505772,239.875,
5261,24,505772,262.045,
5263,24,505772,262.045,
5266,24,505772,268.385,
5267,24,505772,267.625,
5268,24,505772,270.4975,
5269,24,505772,279.42,
5270,24,505772,297.9725,
5273,24,505772,280.0075,
5275,24,505772,280.0075,
5276,24,505772,281.065,
5277,24,505764,140,
5278,24,505764,140,
5279,24,505764,140,
5282,24,505764,140,
5283,24,505764,140,
5284,24,505758,110,
5285,24,505758,110,
5286,24,505758,110,
5287,24,505772,251,
5288,24,505775,391.0125,
5291,24,505775,288.46125,
5292,24,505775,380.38875,
5293,24,505775,391.275,
5294,24,505769,184.3716,
5295,24,505772,290,
5296,24,505772,290,
5299,24,505741,31.44,
5300,24,505741,32.4597,
5305,24,505735,15,
5306,24,505741,32.46,
5307,24,505733,10,
5308,24,505733,10,
5309,24,505733,10,
5310,24,505733,10,
5316,24,505733,10,
5327,24,505741,32.46,
5328,24,505741,29.289,
5329,24,505741,35.472,
5330,24,505741,29.391,
5331,24,505741,32.46,
5332,24,505736,15.849,
5333,24,505747,55,
5334,24,505757,100,
5335,24,505757,100,
5336,24,505772,253.5925,
5337,24,505772,253.5925,
5338,24,505772,260.6175,
5340,24,505772,265.88,
5341,24,505736,18.258,
5350,24,505772,257.82,
5352,24,505749,24.3246,
5354,24,505731,5.0675,
5355,24,505731,5.0675,
5356,24,505772,257.82,
5357,24,505772,257.82,
5358,24,505772,264.16,
5361,24,505772,301.535,
5363,24,505772,255.465,
5364,24,505736,17.3085,
5368,24,505762,132.075,
5369,24,505749,59.8476,
5370,24,505772,265.215,
5371,24,505762,152.15,
5373,24,505772,131.85,
5376,24,505747,55,
5377,24,505747,55,
5378,24,505747,55,
5379,24,505747,55,
5381,24,505747,55,
5384,24,505747,55,
5389,24,505772,264.0875,
5390,24,505743,40,
5391,24,505735,15,
5392,24,505729,4,
5393,24,505766,151.11496,
5394,24,505766,127.755,
5395,24,505766,154.57687,
5396,24,505766,178.5731,
5397,24,505766,156.646,
5398,24,505766,141.95,
5399,24,505766,129.16782,
5400,24,505766,133.433,
5401,24,505743,40,
5402,24,505740,30,
5403,24,505764,140,
5404,24,505764,140,
5405,24,505735,15,
5406,24,505735,15,
5407,24,505735,15,
5408,24,505747,55,
5409,24,505735,15,
5410,24,505756,85,
5411,24,505756,85,
5412,24,505756,85,
5413,24,505740,30,
5414,24,505756,85,
5415,24,505756,85,
5417,24,505756,85,
5419,24,505740,30,
5422,24,505741,30.42,
5424,24,505772,264.15,
5426,24,505743,40,
5427,24,505757,100,
5428,24,505735,15,
5429,24,505772,258.875,
5430,24,505747,55,
5431,24,505740,30,
5434,24,505743,40,
5435,24,505743,40,
5437,24,505769,114.42056,
5438,24,505743,40,
5439,24,505743,40,
5441,24,505745,50,
5442,24,505745,50,
5444,24,505745,50,
5449,24,505745,50,
5452,24,505743,40,
5453,24,505769,108.8708,
5454,24,505740,30,
5455,24,505756,85,
5456,24,505741,40.539,
5458,24,505741,31.065,
5459,24,505735,15,
5462,24,505735,15,
5463,24,505769,104.09184,
5464,24,505735,15,
5465,24,505727,2,
5466,24,505741,27.162,
5467,24,505736,14.6445,
5469,24,505741,27.387,
5470,24,505736,15.345,
5471,24,505743,40,
5472,24,505772,247.2525,
5473,24,505741,31.572,
5474,24,505740,30,
5475,24,505741,33.474,
5476,24,505741,29.67,
5478,24,505741,32.967,
5480,24,505736,15.216,
5485,24,505769,138.25896,
5486,24,505747,55,
5487,24,505772,258.875,
5489,24,505741,33.6,
5490,24,505736,16.22985,
5491,24,505743,40,
5492,24,505740,30,
5493,24,505735,15,
5495,24,505743,40,
5496,24,505741,34.107,
5497,24,505734,9.2139,
5498,24,505761,125,
5499,24,505747,55,
5501,24,505745,50,
5507,24,505745,50,
5508,24,505734,9.4675,
5509,24,505735,15,
5510,24,505734,9.2139,
5511,24,505740,30,
5512,24,505740,30,
5515,24,505741,29.796,
5516,24,505741,31.698,
5517,24,505741,31.065,
5518,24,505741,29.796,
5520,24,505741,31.065,
5521,24,505741,30.432,
5522,24,505749,60.8622,
5523,24,505736,14.202,
5524,24,505743,40,
5525,24,505743,40,
5526,24,505743,40,
5527,24,505735,15,
5529,24,505728,3,
5531,24,505755,92.6114,
5533,24,505747,55,
5534,24,505773,300,
5535,24,505756,85,
5537,24,505757,100,
5539,24,505747,55,
5540,24,505747,55,
5541,24,505748,60,
5543,24,505757,100,
5544,24,505747,55,
5546,24,505748,60,
5547,24,505740,30,
5548,24,505740,30,
5549,24,505756,85,
5550,24,505740,30,
5551,24,505741,29.4216,
5552,24,505769,194.7398,
5554,24,505732,7,
5555,24,505727,2,
5556,24,505741,31.065,
5557,24,505762,128.9125,
5560,24,505735,15,
5561,24,505772,184.575,
5562,24,505761,125,
5563,24,505740,30,
5565,24,505740,30,
5566,24,505740,30,
5567,24,505757,100,
5568,24,505757,100,
5569,24,505758,110,
5570,24,505757,100,
5571,24,505740,30,
5572,24,505756,85,
5573,24,505766,127.05026,
5574,24,505762,96.15375,
5575,24,505747,55,
5577,24,505747,55,
5579,24,505741,30.432,
5580,24,505735,15,
5583,24,505761,125,
5584,24,505736,14.202,
5585,24,505745,50,
5586,24,505772,255.7,
5587,24,505757,100,
5588,24,505757,100,
5589,24,505772,257.75,
5591,24,505735,15,
5592,24,505740,30,
5593,24,505772,267.25,
5595,24,505762,76.0775,
5597,24,505757,100,
5598,24,505757,100,
5599,24,505756,85,
5600,24,505761,125,
5601,24,505740,30,
5603,24,505772,253.5925,
5604,24,505740,30,
5606,24,505757,100,
5607,24,505747,55,
5608,24,505745,50,
5609,24,505773,300,
5611,24,505755,81.65291,
5612,24,505757,100,
5613,24,505747,55,
5614,24,505753,80.25,
5615,24,505745,50,
5616,24,505745,50,
5617,24,505740,30,
5618,24,505740,30,
5619,24,505740,30,
5620,24,505736,15.1515,
5622,24,505734,9.2139,
5623,24,505740,30,
5625,24,505763,130,
5626,24,505736,19.02,
5627,24,505755,91.9142,
5629,24,505763,130,
5630,24,505763,130,
5631,24,505763,130,
5632,24,505772,408.15,
5633,24,505761,125,
5634,24,505757,100,
5635,24,505761,125,
5638,24,505757,100,
5639,24,505748,60,
5640,24,505761,125,
5641,24,505757,100,
5642,24,505761,125,
5643,24,505761,125,
5644,24,505757,100,
5645,24,505761,125,
5646,24,505757,100,
5647,24,505761,125,
5648,24,505761,125,
5649,24,505757,100,
5650,24,505761,125,
5651,24,505748,60,
5652,24,505761,125,
5653,24,505761,125,
5654,24,505757,100,
5655,24,505761,125,
5656,24,505757,100,
5657,24,505761,125,
5658,24,505761,125,
5659,24,505757,100,
5660,24,505761,125,
5661,24,505757,100,
5662,24,505761,125,
5663,24,505761,125,
5664,24,505761,125,
5665,24,505757,100,
5666,24,505761,125,
5667,24,505757,100,
5669,24,505747,55,
5674,24,505747,55,
5675,24,505747,55,
5677,24,505752,75,
5678,24,505747,55,
5679,24,505737,20,
5680,24,505747,55,
5681,24,505747,55,
5682,24,505747,55,
5683,24,505747,55,
5684,24,505740,30,
5685,24,505747,55,
5687,24,505747,55,
5689,24,505740,30,
5691,24,505747,55,
5692,24,505747,55,
5693,24,505747,55,
5694,24,505747,55,
5696,24,505747,55,
5698,24,505747,55,
5699,24,505740,30,
5702,24,505747,55,
5705,24,505747,55,
5706,24,505758,110,
5707,24,505758,110,
5708,24,505758,110,
5709,24,505740,30,
5714,24,505772,219.5,
5715,24,505757,100,
5716,24,505748,60,
5717,24,505757,100,
5718,24,505757,100,
5719,24,505761,125,
5720,24,505757,100,
5721,24,505757,100,
5722,24,505761,125,
5723,24,505757,100,
5724,24,505757,100,
5725,24,505757,100,
5726,24,505757,100,
5727,24,505757,100,
5728,24,505757,100,
5729,24,505748,60,
5730,24,505757,100,
5731,24,505757,100,
5732,24,505757,100,
5733,24,505757,100,
5734,24,505743,40,
5735,24,505769,104.0956,
5736,24,505737,20,
5737,24,505743,40,
5738,24,505763,130,
5739,24,505763,130,
5740,24,505763,130,
5741,24,505763,130,
5742,24,505763,130,
5743,24,505743,40,
5745,24,505743,40,
5748,24,505743,40,
5750,24,505769,188,
5751,24,505769,147.79432,
5752,24,505753,75,
5753,24,505753,75,
5754,24,505769,117.594,
5758,24,505772,260.68,
5759,24,505761,125,
5760,24,505757,100,
5761,24,505761,125,
5762,24,505757,100,
5763,24,505733,10,
5764,24,505733,10,
5765,24,505733,10,
5766,24,505761,125,
5767,24,505757,100,
5768,24,505733,10,
5769,24,505740,30,
5770,24,505757,100,
5771,24,505740,30,
5772,24,505733,10,
5773,24,505733,10,
5774,24,505733,10,
5775,24,505761,125,
5776,24,505757,100,
5777,24,505757,100,
5778,24,505733,10,
5779,24,505733,10,
5780,24,505733,10,
5781,24,505733,10,
5782,24,505761,125,
5783,24,505757,100,
5784,24,505757,100,
5785,24,505761,125,
5786,24,505761,125,
5787,24,505761,125,
5788,24,505761,125,
5789,24,505761,125,
5790,24,505757,100,
5791,24,505733,10,
5792,24,505733,10,
5793,24,505733,10,
5794,24,505757,100,
5795,24,505757,100,
5796,24,505761,125,
5797,24,505757,100,
5798,24,505757,100,
5799,24,505757,100,
5800,24,505740,30,
5801,24,505757,100,
5802,24,505757,100,
5803,24,505761,125,
5804,24,505757,100,
5805,24,505733,10,
5806,24,505740,30,
5807,24,505757,100,
5808,24,505761,125,
5809,24,505757,100,
5810,24,505761,125,
5811,24,505757,100,
5812,24,505761,125,
5813,24,505761,125,
5814,24,505761,125,
5815,24,505761,125,
5816,24,505757,100,
5817,24,505761,125,
5818,24,505757,100,
5819,24,505740,30,
5820,24,505761,125,
5821,24,505757,100,
5822,24,505733,10,
5823,24,505733,10,
5824,24,505733,10,
5825,24,505761,125,
5826,24,505757,100,
5827,24,505761,125,
5828,24,505761,125,
5829,24,505757,100,
5830,24,505761,125,
5831,24,505761,125,
5832,24,505733,10,
5833,24,505761,125,
5834,24,505757,100,
5835,24,505733,10,
5836,24,505733,10,
5837,24,505747,55,
5838,24,505757,100,
5840,24,505761,125,
5842,24,505761,125,
5843,24,505761,125,
5844,24,505757,100,
5845,24,505761,125,
5846,24,505757,100,
5847,24,505747,55,
5849,24,505761,125,
5850,24,505761,125,
5851,24,505747,55,
5852,24,505764,140,
5853,24,505764,140,
5854,24,505764,140,
5857,24,505753,74.0625,
5858,24,505753,80.3475,
5859,24,505769,108.0624,
5860,24,505770,200,
5861,24,505770,200,
5862,24,505770,200,
5863,24,505770,200,
5864,24,505757,100,
5866,24,505773,300,
5867,24,505773,300,
5868,24,505773,300,
5869,24,505773,300,
5870,24,505773,300,
5871,24,505753,75,
5872,24,505753,75,
5873,24,505757,100,
5874,24,505761,125,
5875,24,505761,125,
5876,24,505761,125,
5877,24,505761,125,
5879,24,505761,125,
5881,24,505761,125,
5882,24,505761,125,
5883,24,505756,85,
5884,24,505735,15,
5885,24,505735,15,
5886,24,505761,125,
5888,24,505761,125,
5889,24,505758,110,
5890,24,505740,30,
5891,24,505733,10,
5892,24,505761,125,
5893,24,505761,125,
5894,24,505761,125,
5895,24,505757,100,
5896,24,505747,55,
5897,24,505747,55,
5898,24,505747,55,
5899,24,505761,125,
5900,24,505756,85,
5901,24,505740,30,
5902,24,505761,125,
5903,24,505761,125,
5904,24,505733,10,
5905,24,505733,10,
5906,24,505761,125,
5907,24,505733,10,
5908,24,505756,85,
5909,24,505756,85,
5910,24,505747,55,
5911,24,505770,200,
5912,24,505757,100,
5913,24,505761,125,
5914,24,505757,100,
5915,24,505757,100,
5916,24,505764,140,
5917,24,505764,140,
5918,24,505762,127.9125,
5919,24,505761,125,
5920,24,505771,215,
5922,24,505757,100,
5924,24,505747,55,
5925,24,505735,15,
5926,24,505757,100,
5927,24,505761,125,
5928,24,505761,125,
5929,24,505740,30,
5930,24,505757,100,
5931,24,505757,100,
5932,24,505761,125,
5933,24,505757,100,
5934,24,505761,125,
5935,24,505757,100,
5936,24,505756,85,
5937,24,505756,85,
5938,24,505754,80,
5939,24,505764,140,
5940,24,505761,125,
5943,24,505761,125,
5944,24,505761,125,
5945,24,505761,125,
5946,24,505761,125,
5948,24,505757,100,
5949,24,505757,100,
5950,24,505761,125,
5952,24,505761,125,
5955,24,505757,100,
5956,24,505764,140,
5957,24,505756,85,
5958,24,505756,85,
5959,24,505756,85,
5960,24,505756,85,
5961,24,505743,40,
5962,24,505775,386.73,
5963,24,505775,386.73,
5965,24,505747,55,
5966,24,505761,125,
5967,24,505757,100,
5968,24,505748,60,
5969,24,505752,75,
5970,24,505752,75,
5971,24,505752,75,
5972,24,505752,75,
5973,24,505752,75,
5978,24,505729,4,
5979,24,505753,75,
5980,24,505729,4,
5981,24,505761,125,
5982,24,505757,100,
5983,24,505757,100,
5984,24,505757,100,
5989,24,505757,100,
5990,24,505757,100,
5991,24,505761,125,
5993,24,505761,125,
5994,24,505757,100,
5996,24,505757,100,
5997,24,505761,125,
5999,24,505761,125,
6000,24,505757,100,
6002,24,505757,100,
6018,24,505761,125,
6019,24,505733,10,
6020,24,505761,125,
6022,24,505761,125,
6023,24,505757,100,
6025,24,505757,100,
6026,24,505761,125,
6028,24,505761,125,
6029,24,505757,100,
6031,24,505757,100,
6032,24,505761,125,
6033,24,505761,125,
6034,24,505761,125,
6035,24,505757,100,
6036,24,505757,100,
6037,24,505757,100,
6038,24,505740,30,
6039,24,505761,125,
6040,24,505761,125,
6041,24,505761,125,
6042,24,505757,100,
6043,24,505757,100,
6044,24,505757,100,
6045,24,505761,125,
6046,24,505761,125,
6048,24,505757,100,
6049,24,505757,100,
6050,24,505757,100,
6061,24,505761,125,
6062,24,505761,125,
6064,24,505757,100,
6065,24,505757,100,
6066,24,505761,125,
6068,24,505761,125,
6069,24,505757,100,
6071,24,505757,100,
6078,24,505761,125,
6079,24,505761,125,
6081,24,505757,100,
6082,24,505757,100,
6089,24,505761,125,
6090,24,505761,125,
6091,24,505761,125,
6092,24,505757,100,
6093,24,505757,100,
6094,24,505757,100,
6095,24,505761,125,
6098,24,505757,100,
6102,24,505761,125,
6105,24,505757,100,
6107,24,505761,125,
6108,24,505761,125,
6109,24,505761,125,
6110,24,505757,100,
6111,24,505757,100,
6112,24,505757,100,
6114,24,505761,125,
6115,24,505761,125,
6117,24,505757,100,
6118,24,505757,100,
6119,24,505757,100,
6120,24,505748,60,
6121,24,505757,100,
6122,24,505748,60,
6123,24,505761,125,
6125,24,505761,125,
6126,24,505757,100,
6128,24,505757,100,
6129,24,505761,125,
6131,24,505761,125,
6132,24,505757,100,
6134,24,505757,100,
6137,24,505761,125,
6140,24,505757,100,
6142,24,505761,125,
6143,24,505761,125,
6144,24,505757,100,
6145,24,505757,100,
6146,24,505757,100,
6147,24,505761,125,
6149,24,505761,125,
6150,24,505757,100,
6152,24,505757,100,
6156,24,505757,100,
6159,24,505761,125,
6160,24,505757,100,
6161,24,505761,125,
6162,24,505757,100,
6169,24,505761,125,
6172,24,505757,100,
6175,24,505749,81.1524,
6176,24,505729,4,
6177,24,505740,30,
6178,24,505743,40,
6179,24,505761,125,
6180,24,505740,30,
6181,24,505735,15,
6182,24,505735,15,
6183,24,505735,15,
6184,24,505740,30,
6185,24,505744,45,
6186,24,505740,30,
6187,24,505740,30,
6188,24,505740,30,
6189,24,505740,30,
6190,24,505740,30,
6191,24,505744,45,
6192,24,505740,30,
6193,24,505744,45,
6194,24,505737,20,
6195,24,505736,15.1521,
6196,24,505736,16.16655,
6197,24,505749,63.9054,
6199,24,505741,30.42,
6203,24,505772,263.1025,
6204,24,505772,265.215,
6205,24,505772,265.215,
6206,24,505747,55,
6207,24,505747,55,
6208,24,505747,55,
6209,24,505747,55,
6210,24,505747,55,
6211,24,505747,55,
6212,24,505747,55,
6213,24,505747,55,
6214,24,505747,55,
6215,24,505747,55,
6216,24,505747,55,
6217,24,505756,85,
6218,24,505756,85,
6219,24,505756,85,
6220,24,505735,15,
6221,24,505747,55,
6222,24,505747,55,
6223,24,505763,130,
6224,24,505743,40,
6225,24,505743,40,
6226,24,505763,130,
6227,24,505750,65,
6228,24,505758,110,
6229,24,505743,40,
6230,24,505743,40,
6231,24,505743,40,
6232,24,505743,40,
6233,24,505743,40,
6234,24,505743,40,
6235,24,505747,55,
6236,24,505770,200,
6237,24,505770,200,
6238,24,505770,200,
6239,24,505770,200,
6240,24,505770,200,
6242,24,505770,200,
6243,24,505770,200,
6244,24,505770,200,
6245,24,505770,200,
6246,24,505770,200,
6247,24,505770,200,
6248,24,505757,100,
6249,24,505770,200,
6250,24,505770,200,
6251,24,505770,200,
6252,24,505773,300,
6253,24,505770,200,
6254,24,505770,200,
6255,24,505745,50,
6256,24,505745,50,
6257,24,505745,50,
6258,24,505745,50,
6259,24,505754,80,
6260,24,505764,140,
6262,24,505747,55,
6263,24,505744,45,
6265,24,505756,85,
6266,24,505756,85,
6267,24,505756,85,
6275,24,505740,30,
6276,24,505743,40,
6278,24,505756,85,
6279,24,505756,85,
6280,24,505756,85,
6281,24,505736,18.69,
6282,24,505736,18.69,
6283,24,505736,16.965,
6284,24,505736,16.965,
6285,24,505761,125,
6286,24,505757,100,
6287,24,505772,256.7625,
6288,24,505757,100,
6289,24,505735,15,
6291,24,505769,177.02832,
6292,24,505740,30,
6298,24,505740,30,
6303,24,505747,55,
6304,24,505756,85,
6306,24,505740,30,
6308,24,505735,15,
6309,24,505736,15.216,
6310,24,505727,2,
6311,24,505740,30,
6312,24,505725,1,
6313,24,505741,31.2,
6316,24,505757,100,
6317,24,505748,60,
6319,24,505757,100,
6320,24,505761,125,
6321,24,505762,132.5,
6322,24,505762,132.5,
6323,24,505772,263.915,
6324,24,505772,258.465,
6325,24,505762,132.5,
6326,24,505743,40,
6327,24,505775,375.75,
6328,24,505772,275.75,
6329,24,505772,256.775,
6330,24,505772,256.775,
6331,24,505772,256.775,
6332,24,505772,256.75,
6333,24,505758,110,
6334,24,505769,52.4426,
6335,24,505769,46.08632,
6336,24,505764,140,
6337,24,505764,140,
6338,24,505764,140,
6339,24,505770,200,
6340,24,505769,194.674,
6341,24,505769,188.31772,
6342,24,505770,200,
6343,24,505770,200,
6344,24,505756,85,
6345,24,505756,85,
6346,24,505756,85,
6347,24,505773,300,
6348,24,505745,50,
6349,24,505747,55,
6350,24,505745,50,
6351,24,505756,85,
6352,24,505764,140,
6353,24,505772,257.82,
6354,24,505740,30,
6355,24,505740,30,
6356,24,505740,30,
6357,24,505758,110,
6358,24,505756,85,
6359,24,505762,128.91,
6360,24,505756,85,
6361,24,505756,85,
6362,24,505765,150,
6363,24,505765,150,
6364,24,505756,85,
6365,24,505762,93.5125,
6366,24,505762,93.5125,
6367,24,505742,35,
6368,24,505750,65,
6369,24,505750,65,
6370,24,505762,91.4,
6371,24,505750,65,
6372,24,505762,82.425,
6373,24,505762,126.8,
6374,24,505770,200,
6375,24,505757,100,
6376,24,505756,85,
6377,24,505756,85,
6378,24,505747,55,
6379,24,505754,80,
6381,24,505754,80,
6382,24,505756,85,
6383,24,505747,55,
6384,24,505752,75,
6385,24,505756,85,
6386,24,505756,85,
6387,24,505756,85,
6388,24,505756,85,
6389,24,505756,85,
6390,24,505756,85,
6391,24,505756,85,
6392,24,505756,85,
6393,24,505754,80,
6394,24,505743,40,
6395,24,505756,85,
6396,24,505756,85,
6397,24,505756,85,
6398,24,505762,77.135,
6399,24,505762,129.96625,
6400,24,505756,85,
6401,24,505756,85,
6402,24,505756,85,
6403,24,505756,85,
6404,24,505761,125,
6405,24,505756,85,
6406,24,505756,85,
6407,24,505756,85,
6408,24,505756,85,
6409,24,505762,135.25,
6410,24,505762,135.25,
6411,24,505762,110.94625,
6412,24,505756,85,
6414,24,505756,85,
6415,24,505756,85,
6416,24,505747,55,
6417,24,505756,85,
6418,24,505756,85,
6419,24,505756,85,
6420,24,505757,100,
6422,24,505770,200,
6423,24,505770,200,
6424,24,505756,85,
6425,24,505770,200,
6426,24,505770,200,
6427,24,505770,200,
6428,24,505770,200,
6429,24,505770,200,
6430,24,505770,200,
6432,24,505770,200,
6433,24,505770,200,
6434,24,505761,125,
6435,24,505757,100,
6436,24,505772,298.0225,
6437,24,505772,260.975,
6438,24,505756,85,
6439,24,505756,85,
6440,24,505772,261,
6442,24,505756,85,
6443,24,505756,85,
6444,24,505754,80,
6445,24,505756,85,
6446,24,505756,85,
6447,24,505756,85,
6448,24,505756,85,
6449,24,505756,85,
6450,24,505756,85,
6451,24,505756,85,
6452,24,505750,65,
6453,24,505756,85,
6454,24,505756,85,
6455,24,505756,85,
6456,24,505756,85,
6457,24,505735,15,
6458,24,505750,65,
6459,24,505756,85,
6460,24,505756,85,
6461,24,505756,85,
6462,24,505756,85,
6463,24,505756,85,
6464,24,505756,85,
6466,24,505756,85,
6467,24,505756,85,
6468,24,505756,85,
6469,24,505756,85,
6470,24,505772,263.1,
6471,24,505752,75,
6472,24,505752,75,
6473,24,505752,75,
6474,24,505756,85,
6475,24,505756,85,
6476,24,505756,85,
6477,24,505756,85,
6478,24,505756,85,
6479,24,505762,89.81375,
6480,24,505762,131.0225,
6481,24,505756,85,
6482,24,505756,85,
6483,24,505756,85,
6484,24,505762,73.9625,
6486,24,505756,85,
6487,24,505756,85,
6488,24,505756,85,
6490,24,505756,85,
6491,24,505756,85,
6509,24,505764,140,
6510,24,505758,110,
6511,24,505758,110,
6512,24,505758,110,
6513,24,505758,110,
6514,24,505751,70,
6515,24,505758,110,
6516,24,505756,85,
6517,24,505751,70,
6518,24,505751,70,
6519,24,505758,110,
6520,24,505764,140,
6521,24,505758,110,
6522,24,505758,110,
6523,24,505758,110,
6524,24,505764,140,
6525,24,505756,85,
6526,24,505756,85,
6527,24,505756,85,
6528,24,505756,85,
6529,24,505756,85,
6530,24,505754,80,
6531,24,505756,85,
6533,24,505736,15.216,
6534,24,505741,31.065,
6535,24,505741,31.698,
6536,24,505756,85,
6537,24,505770,200,
6538,24,505745,50,
6539,24,505756,85,
6541,24,505772,275.1575,
6542,24,505756,85,
6543,24,505750,65,
6544,24,505756,85,
6545,24,505756,85,
6546,24,505756,85,
6549,24,505756,85,
6550,24,505756,85,
6551,24,505740,30,
6552,24,505756,85,
6553,24,505756,85,
6554,24,505756,85,
6555,24,505756,85,
6556,24,505756,85,
6557,24,505756,85,
6558,24,505756,85,
6559,24,505756,85,
6560,24,505756,85,
6561,24,505773,300,
6562,24,505773,300,
6563,24,505756,85,
6564,24,505756,85,
6565,24,505756,85,
6566,24,505756,85,
6567,24,505758,110,
6568,24,505758,110,
6569,24,505758,110,
6570,24,505747,55,
6571,24,505741,35.4729,
6572,24,505758,110,
6573,24,505756,85,
6574,24,505756,85,
6575,24,505758,110,
6576,24,505772,250.5,
6577,24,505756,85,
6578,24,505756,85,
6579,24,505741,34.8714,
6580,24,505749,63.42,
6581,24,505770,200,
6582,24,505756,85,
6583,24,505756,85,
6584,24,505756,85,
6585,24,505756,85,
6586,24,505757,100,
6587,24,505758,110,
6588,24,505758,110,
6589,24,505756,85,
6590,24,505756,85,
6591,24,505740,30,
6592,24,505756,85,
6593,24,505740,30,
6594,24,505743,40,
6595,24,505743,40,
6596,24,505740,30,
6597,24,505740,30,
6598,24,505740,30,
6599,24,505743,40,
6600,24,505743,40,
6601,24,505740,30,
6602,24,505740,30,
6603,24,505740,30,
6604,24,505743,40,
6605,24,505757,100,
6606,24,505756,85,
6607,24,505756,85,
6608,24,505752,75,
6609,24,505758,110,
6610,24,505758,110,
6611,24,505758,110,
6612,24,505756,85,
6613,24,505756,85,
6614,24,505764,140,
6615,24,505764,140,
6616,24,505756,85,
6617,24,505756,85,
6618,24,505762,93.775,
6619,24,505758,110,
6620,24,505758,110,
6621,24,505758,110,
6622,24,505754,80,
6623,24,505754,80,
6624,24,505761,125,
6625,24,505754,80,
6626,24,505754,80,
6627,24,505754,80,
6628,24,505761,125,
6629,24,505754,80,
6630,24,505740,30,
6631,24,505758,110,
6632,24,505758,110,
6636,24,505772,264.175,
6638,24,505766,181.39874,
6639,24,505735,15,
6640,24,505735,15,
6641,24,505763,130,
6642,24,505740,30,
6643,24,505739,25,
6645,24,505757,100,
6646,24,505757,100,
6647,24,505757,100,
6648,24,505761,125,
6649,24,505757,100,
6650,24,505757,100,
6651,24,505757,100,
6652,24,505757,100,
6653,24,505757,100,
6654,24,505757,100,
6655,24,505757,100,
6656,24,505747,55,
6659,24,505754,80,
6660,24,505772,267.33,
6661,24,505772,263.1025,
6662,24,505772,264.2,
6663,24,505756,85,
6664,24,505756,85,
6665,24,505762,127.8525,
6666,24,505772,256.7625,
6667,24,505736,15.1521,
6668,24,505738,21,
6669,24,505738,21,
6670,24,505743,40,
6671,24,505743,40,
6672,24,505743,40,
6673,24,505743,40,
6674,24,505764,140,
6675,24,505764,140,
6676,24,505740,30,
6677,24,505745,50,
6678,24,505745,50,
6679,24,505745,50,
6680,24,505745,50,
6681,24,505772,254.65,
6682,24,505772,246.2,
6683,24,505772,235.65,
6685,24,505761,125,
6686,24,505761,125,
6687,24,505761,125,
6688,24,505761,125,
6689,24,505761,125,
6690,24,505733,10,
6699,24,505740,30,
6700,24,505740,30,
6703,24,505772,255.7,
6704,24,505772,215.575,
6705,24,505774,349.0506,
6706,24,505774,349.1172,
6707,24,505769,184.3716,
6708,24,505747,55,
6709,24,505757,100,
6710,24,505757,100,
6712,24,505757,100,
6713,24,505757,100,
6714,24,505758,110,
6715,24,505758,110,
6716,24,505758,110,
6717,24,505773,300,
6718,24,505757,100,
6720,24,505772,256.775,
6721,24,505763,130,
6723,24,505747,55,
6725,24,505747,55,
6727,24,505743,40,
6730,24,505772,262.05,
6731,24,505772,267.325,
6732,24,505772,252.5,
6734,24,505772,262.06,
6735,24,505772,254.75,
6736,24,505772,255,
6737,24,505757,100,
6738,24,505757,100,
6739,24,505770,200,
6740,24,505770,200,
6741,24,505757,100,
6742,24,505773,300,
6743,24,505773,300,
6744,24,505764,140,
6747,24,505770,200,
6748,24,505770,200,
6749,24,505770,200,
6750,24,505770,200,
6751,24,505770,200,
6752,24,505770,200,
6753,24,505770,200,
6754,24,505770,200,
6755,24,505770,200,
6756,24,505770,200,
6757,24,505770,200,
6758,24,505770,200,
6759,24,505770,200,
6760,24,505756,85,
6761,24,505752,75,
6762,24,505773,300,
6763,24,505770,200,
6764,24,505770,200,
6765,24,505748,60,
6766,24,505773,300,
6767,24,505773,300,
6769,24,505773,300,
6770,24,505773,300,
6771,24,505773,300,
6772,24,505773,300,
6773,24,505773,300,
6774,24,505770,200,
6775,24,505773,300,
6776,24,505773,300,
6777,24,505773,300,
6778,24,505764,140,
6779,24,505773,300,
6780,24,505770,200,
6781,24,505770,200,
6782,24,505752,75,
6784,24,505772,256.75,
6785,24,505752,75,
6786,24,505741,30.42,
6787,24,505740,30,
6788,24,505740,30,
6789,24,505737,20,
6790,24,505764,140,
6791,24,505756,85,
6792,24,505737,20,
6793,24,505752,75,
6794,24,505729,4,
6795,24,505743,40,
6796,24,505770,200,
6797,24,505757,100,
6798,24,505757,100,
6799,24,505757,100,
6801,24,505757,100,
6802,24,505757,100,
6804,24,505757,100,
6806,24,505757,100,
6808,24,505757,100,
6809,24,505757,100,
6810,24,505745,50,
6811,24,505743,40,
6812,24,505745,50,
6813,24,505756,85,
6814,24,505756,85,
6817,24,505729,4,
6818,24,505729,4,
6822,24,505749,59.0868,
6832,24,505740,30,
6833,24,505740,30,
6834,24,505740,30,
6836,24,505740,30,
6837,24,505747,55,
6838,24,505740,30,
6839,24,505740,30,
6840,24,505747,55,
6843,24,505747,55,
6844,24,505747,55,
6845,24,505747,55,
6846,24,505747,55,
6847,24,505747,55,
6848,24,505740,30,
6850,24,505757,100,
6851,24,505757,100,
6852,24,505757,100,
6853,24,505757,100,
6854,24,505757,100,
6856,24,505761,125,
6857,24,505761,125,
6858,24,505761,125,
6859,24,505761,125,
6862,24,505761,125,
6863,24,505761,125,
6864,24,505761,125,
6865,24,505761,125,
6866,24,505761,125,
6867,24,505761,125,
6868,24,505761,125,
6870,24,505757,100,
6871,24,505757,100,
6872,24,505757,100,
6873,24,505757,100,
6874,24,505757,100,
6875,24,505757,100,
6876,24,505761,125,
6877,24,505757,100,
6878,24,505757,100,
6879,24,505757,100,
6883,24,505770,200,
6889,24,505761,125,
6891,24,505761,125,
6893,24,505761,125,
6894,24,505757,100,
6895,24,505761,125,
6896,24,505757,100,
6897,24,505761,125,
6898,24,505757,100,
6899,24,505761,125,
6900,24,505757,100,
6901,24,505757,100,
6902,24,505761,125,
6903,24,505741,32.5884,
6904,24,505756,85,
6905,24,505740,30,
6906,24,505740,30,
6907,24,505747,55,
6908,24,505740,30,
6909,24,505747,55,
6910,24,505747,55,
6912,24,505740,30,
6913,24,505747,55,
6915,24,505740,30,
6916,24,505740,30,
6917,24,505747,55,
6918,24,505747,55,
6919,24,505740,30,
6920,24,505747,55,
6921,24,505735,15,
6922,24,505740,30,
6923,24,505740,30,
6924,24,505740,30,
6925,24,505747,55,
6926,24,505761,125,
6927,24,505758,110,
6928,24,505756,85,
6929,24,505756,85,
6930,24,505773,300,
6931,24,505757,100,
6932,24,505747,55,
6933,24,505773,300,
6934,24,505756,85,
6935,24,505756,85,
6936,24,505756,85,
6937,24,505766,172.23211,
6938,24,505770,200,
6939,24,505770,200,
6940,24,505772,263.915,
6943,24,505762,123.625,
6944,24,505761,125,
6945,24,505757,100,
6993,24,505762,134.6625,
6994,24,505762,135.1875,
6995,24,505757,100,
6996,24,505757,100,
6999,24,505769,194.674,
7000,24,505769,194.674,
7004,24,505757,100,
7005,24,505740,30,
7006,24,505740,30,
7007,24,505740,30,
7008,24,505740,30,
7009,24,505740,30,
7010,24,505740,30,
7011,24,505740,30,
7012,24,505740,30,
7013,24,505740,30,
7014,24,505740,30,
7017,24,505765,150,
7020,24,505741,35.4729,
7024,24,505772,258.875,
7025,24,505769,108.06428,
7028,24,505769,136.66848,
7029,24,505753,75,
7030,24,505762,68.575,
7031,24,505762,68.575,
7032,24,505762,125,
7033,24,505762,125,
7034,24,505748,60,
7035,24,505748,60,
7036,24,505773,300,
7037,24,505744,45,
7038,24,505769,108.0624,
7039,24,505772,259.975,
7040,24,505753,75,
7041,24,505740,30,
7042,24,505772,258.18,
7043,24,505741,33.4758,
7044,24,505761,125,
7045,24,505741,30.405,
7046,24,505741,33.477,
7047,24,505741,34.4595,
7048,24,505740,30,
7049,24,505741,30.405,
7050,24,505734,9.2566,
7051,24,505772,259.925,
7052,24,505762,79.25,
7053,24,505762,86.1125,
7054,24,505773,300,
7056,24,505764,140,
7057,24,505772,250.425,
7059,24,505764,140,
7060,24,505762,80.3125,
7061,24,505762,80.3125,
7066,24,505737,20,
7067,24,505756,85,
7068,24,505754,80,
7069,24,505737,20,
7070,24,505772,251.475,
7071,24,505752,75,
7073,24,505756,85,
7074,24,505737,20,
7076,24,505737,20,
7077,24,505737,20,
7078,24,505747,55,
7079,24,505737,20,
7080,24,505747,55,
7081,24,505762,83.475,
7082,24,505747,55,
7083,24,505762,89.28625,
7084,24,505741,30.432,
7085,24,505762,83.475,
7086,24,505762,89.28625,
7087,24,505752,75,
7088,24,505747,55,
7090,24,505740,30,
7091,24,505748,60,
7092,24,505770,200,
7093,24,505764,140,
7094,24,505770,200,
7096,24,505770,200,
7097,24,505764,140,
7098,24,505770,200,
7099,24,505773,300,
7100,24,505770,200,
7101,24,505773,300,
7102,24,505770,200,
7103,24,505773,300,
7104,24,505757,100,
7112,24,505757,100,
7119,24,505762,134.6625,
7120,24,505762,135.1875,
7125,24,505764,140,
7126,24,505764,140,
7127,24,505745,50,
7128,24,505745,50,
7129,24,505741,27.897,
7130,24,505770,200,
7131,24,505744,45,
7132,24,505764,140,
7133,24,505749,62.892,
7134,24,505735,15,
7135,24,505735,15,
7136,24,505744,45,
7137,24,505764,140,
7138,24,505744,45,
7139,24,505764,140,
7140,24,505773,300,
7141,24,505773,300,
7142,24,505741,41.592,
7143,24,505746,54,
7144,24,505747,55,
7145,24,505747,55,
7146,24,505747,55,
7147,24,505747,55,
7149,24,505747,55,
7150,24,505747,55,
7151,24,505747,55,
7152,24,505747,55,
7153,24,505747,55,
7154,24,505747,55,
7155,24,505747,55,
7156,24,505747,55,
7157,24,505747,55,
7158,24,505747,55,
7159,24,505747,55,
7160,24,505740,30,
7161,24,505740,30,
7162,24,505747,55,
7163,24,505747,55,
7164,24,505747,55,
7165,24,505747,55,
7167,24,505747,55,
7168,24,505747,55,
7169,24,505747,55,
7170,24,505747,55,
7171,24,505747,55,
7173,24,505775,387.75,
7174,24,505775,381,
7175,24,505775,390.75,
7176,24,505775,384.75,
7177,24,505775,378,
7178,24,505775,386.7,
7179,24,505775,392.25,
7180,24,505775,387.375,
7182,24,505774,346.653,
7184,24,505775,377.25,
7185,24,505775,375.63375,
7186,24,505775,375.63375,
7187,24,505775,375.63375,
7188,24,505775,368.75625,
7189,24,505775,375.63375,
7190,24,505747,55,
7191,24,505734,9.2143,
7192,24,505773,300,
7193,24,505752,75,
7194,24,505752,75,
7196,24,505752,75,
7197,24,505752,75,
7198,24,505752,75,
7199,24,505752,75,
7200,24,505752,75,
7201,24,505769,139.05984,
7202,24,505753,75,
7203,24,505725,1,
7204,24,505732,7,
7205,24,505736,14.709,
7206,24,505741,34.4898,
7207,24,505740,30,
7208,24,505743,40,
7209,24,505743,40,
7210,24,505766,118.5867,
7211,24,505764,140,
7212,24,505764,140,
7213,24,505764,140,
7214,24,505764,140,
7215,24,505764,140,
7216,24,505764,140,
7218,24,505764,140,
7219,24,505747,55,
7220,24,505758,110,
7221,24,505745,50,
7223,24,505745,50,
7224,24,505775,388.33125,
7225,24,505772,253.605,
7226,24,505772,253.605,
7228,24,505772,257.82,
7230,24,505772,253.6,
7232,24,505740,30,
7234,24,505761,125,
7235,24,505762,126.8025,
7236,24,505762,138.42625,
7237,24,505775,375.63375,
7238,24,505775,368.75625,
7239,24,505752,75,
7240,24,505762,135.25625,
7241,24,505762,126.8025,
7242,24,505762,126.8025,
7243,24,505762,125.74625,
7244,24,505736,14.70915,
7245,24,505729,4,
7246,24,505745,50,
7247,24,505745,50,
7248,24,505745,50,
7249,24,505741,36.5187,
7250,24,505756,85,
7251,24,505756,85,
7252,24,505756,85,
7253,24,505756,85,
7254,24,505740,30,
7255,24,505737,20,
7256,24,505740,30,
7257,24,505740,30,
7258,24,505747,55,
7259,24,505743,40,
7260,24,505740,30,
7261,24,505740,30,
7262,24,505740,30,
7263,24,505737,20,
7264,24,505756,85,
7265,24,505756,85,
7266,24,505756,85,
7267,24,505756,85,
7268,24,505756,85,
7269,24,505770,200,
7270,24,505770,200,
7271,24,505773,300,
7272,24,505773,300,
7273,24,505770,200,
7274,24,505770,200,
7275,24,505770,200,
7276,24,505773,300,
7277,24,505773,300,
7278,24,505773,300,
7279,24,505773,300,
7280,24,505764,140,
7281,24,505772,324.6,
7282,24,505752,75,
7284,24,505747,55,
7285,24,505747,55,
7287,24,505747,55,
7288,24,505752,75,
7289,24,505752,75,
7291,24,505752,75,
7293,24,505758,110,
7294,24,505753,74.0625,
7295,24,505740,30,
7298,24,505752,75,
7299,24,505752,75,
7300,24,505752,75,
7303,24,505752,75,
7304,24,505752,75,
7305,24,505752,75,
7307,24,505752,75,
7309,24,505752,75,
7310,24,505752,75,
7311,24,505752,75,
7312,24,505752,75,
7313,24,505752,75,
7314,24,505752,75,
7315,24,505747,55,
7316,24,505747,55,
7317,24,505752,75,
7318,24,505747,55,
7319,24,505747,55,
7321,24,505757,100,
7322,24,505757,100,
7324,24,505740,30,
7326,24,505752,75,
7327,24,505747,55,
7328,24,505757,100,
7329,24,505757,100,
7330,24,505757,100,
7332,24,505752,75,
7333,24,505747,55,
7334,24,505752,75,
7335,24,505747,55,
7336,24,505752,75,
7337,24,505747,55,
7338,24,505752,75,
7339,24,505747,55,
7341,24,505747,55,
7342,24,505752,75,
7343,24,505747,55,
7344,24,505747,55,
7345,24,505737,20,
7346,24,505737,20,
7347,24,505737,20,
7348,24,505737,20,
7349,24,505737,20,
7350,24,505747,55,
7351,24,505747,55,
7352,24,505757,100,
7353,24,505747,55,
7354,24,505761,125,
7355,24,505747,55,
7356,24,505747,55,
7357,24,505747,55,
7358,24,505757,100,
7359,24,505747,55,
7360,24,505761,125,
7361,24,505752,75,
7362,24,505747,55,
7363,24,505752,75,
7365,24,505772,256.39,
7366,24,505772,259.7625,
7367,24,505772,301.9625,
7368,24,505772,253.605,
7369,24,505772,264.1875,
7371,24,505772,254.2125,
7372,24,505772,253.2025,
7373,24,505772,253.6,
7374,24,505772,250.355,
7375,24,505772,270.735,
7377,24,505772,262.05,
7378,24,505772,253.32,
7379,24,505772,253.605,
7380,24,505759,120.1321,
7381,24,505772,260.9375,
7384,24,505772,256,
7385,24,505772,259.8,
7386,24,505772,263.9875,
7387,24,505772,257.2,
7390,24,505772,260.9,
7392,24,505772,257.825,
7393,24,505772,260.75,
7394,24,505772,259.15,
7395,24,505772,257.825,
7396,24,505772,262.05,
7398,24,505772,262.05,
7399,24,505772,254.995,
7400,24,505772,261.3375,
7401,24,505772,256.465,
7402,24,505772,260.7675,
7403,24,505772,279.5175,
7404,24,505772,258.465,
7406,24,505772,264.2075,
7407,24,505772,257.6325,
7408,24,505772,263.925,
7409,24,505772,267.625,
7410,24,505762,131.025,
7411,24,505762,123.18375,
7412,24,505762,123.61375,
7413,24,505772,257.825,
7414,24,505772,262.07,
7415,24,505772,312,
7416,24,505759,113.2956,
7419,24,505772,262.06,
7421,24,505772,268.4,
7422,24,505773,300,
7423,24,505761,125,
7424,24,505748,60,
7425,24,505752,75,
7426,24,505754,80,
7428,24,505745,50,
7429,24,505775,374.90625,
7430,24,505748,60,
7431,24,505757,100,
7432,24,505757,100,
7433,24,505761,125,
7434,24,505757,100,
7435,24,505761,125,
7436,24,505757,100,
7437,24,505757,100,
7438,24,505748,60,
7439,24,505747,55,
7440,24,505737,20,
7441,24,505744,45,
7442,24,505764,140,
7443,24,505773,300,
7444,24,505770,200,
7445,24,505773,300,
7446,24,505770,200,
7447,24,505764,140,
7448,24,505764,140,
7449,24,505762,78.195,
7451,24,505772,257.45,
7452,24,505772,259.725,
7453,24,505772,256.025,
7454,24,505772,257.075,
7455,24,505772,259.8,
7456,24,505759,109.3719,
7457,24,505772,92.9875,
7458,24,505733,10,
7459,24,505733,10,
7460,24,505733,10,
7463,24,505733,10,
7464,24,505733,10,
7465,24,505733,10,
7466,24,505733,10,
7467,24,505733,10,
7470,24,505733,10,
7472,24,505733,10,
7473,24,505733,10,
7474,24,505733,10,
7475,24,505733,10,
7476,24,505733,10,
7477,24,505772,239.8675,
7478,24,505772,256.7625,
7479,24,505772,256.775,
7480,24,505772,256.7625,
7481,24,505759,119.328,
7482,24,505759,116.952,
7483,24,505759,120.681,
7484,24,505759,118.888,
7485,24,505759,122.001,
7486,24,505759,116.743,
7487,24,505759,122.518,
7488,24,505759,118.173,
7489,24,505759,119.933,
7490,24,505759,118.481,
7491,24,505759,121.979,
7492,24,505759,117.656,
7494,24,505759,121.3245,
7495,24,505759,120.373,
7496,24,505759,118.69,
7497,24,505759,116.7892,
7498,24,505759,119.2136,
7499,24,505759,113.5387,
7500,24,505759,103.961,
7501,24,505759,108.1663,
7503,24,505759,105.666,
7504,24,505759,106.8496,
7505,24,505759,113.377,
7506,24,505759,114.7245,
7507,24,505759,112.6532,
7508,24,505759,115.6892,
7509,24,505759,116.4636,
7510,24,505759,115.5,
7512,24,505759,116.5329,
7513,24,505759,116.3866,
7514,24,505759,115.9818,
7515,24,505759,114.708,
7516,24,505759,107.437,
7517,24,505759,118.7747,
7518,24,505759,115.5,
7519,24,505759,114.9698,
7520,24,505759,117.5801,
7521,24,505759,115.258,
7522,24,505759,116.094,
7523,24,505759,114.2966,
7524,24,505759,115.5011,
7525,24,505759,114.9973,
7526,24,505759,117.8056,
7527,24,505759,119.6723,
7528,24,505759,116.325,
7529,24,505759,115.6485,
7530,24,505759,116.0841,
7531,24,505772,256.7625,
7532,24,505732,7,
7534,24,505737,20,
7535,24,505740,30,
7537,24,505748,60,
7539,24,505748,60,
7540,24,505740,30,
7541,24,505748,60,
7542,24,505748,60,
7545,24,505740,30,
7546,24,505748,60,
7547,24,505748,60,
7548,24,505740,30,
7549,24,505748,60,
7550,24,505748,60,
7551,24,505740,30,
7552,24,505748,60,
7553,24,505740,30,
7554,24,505748,60,
7556,24,505748,60,
7557,24,505740,30,
7558,24,505748,60,
7559,24,505740,30,
7560,24,505748,60,
7561,24,505740,30,
7562,24,505748,60,
7563,24,505740,30,
7564,24,505748,60,
7566,24,505740,30,
7567,24,505748,60,
7568,24,505735,15,
7569,24,505772,256.7625,
7570,24,505772,256.7625,
7574,24,505733,10,
7575,24,505733,10,
7577,24,505741,35.52,
7578,24,505743,40,
7579,24,505764,140,
7580,24,505772,247.2525,
7582,24,505770,200,
7584,24,505773,300,
7585,24,505736,16.22985,
7586,24,505769,108.06428,
7587,24,505753,75,
7588,24,505753,75,
7589,24,505736,15.3423,
7590,24,505741,31.698,
7591,24,505749,65.6802,
7592,24,505749,65.6802,
7593,24,505736,17.3085,
7594,24,505747,55,
7595,24,505747,55,
7596,24,505743,40,
7597,24,505743,40,
7598,24,505772,263.1025,
7599,24,505740,30,
7600,24,505756,85,
7601,24,505756,85,
7602,24,505740,30,
7603,24,505772,253.5925,
7605,24,505775,323.3625,
7606,24,505775,323.3625,
7607,24,505775,323.3625,
7608,24,505772,250.425,
7609,24,505775,375.6375,
7610,24,505775,375.6375,
7611,24,505775,375.6375,
7612,24,505775,375.6375,
7613,24,505775,375.6375,
7614,24,505772,253.5925,
7615,24,505774,334.4652,
7616,24,505775,375.6375,
7617,24,505774,334.4652,
7618,24,505774,334.4652,
7619,24,505775,374.11125,
7620,24,505772,250.425,
7621,24,505775,375.6375,
7623,24,505772,260.975,
7624,24,505772,250.425,
7625,24,505743,40,
7626,24,505749,79.8816,
7627,24,505749,79.8816,
7628,24,505736,18.69,
7629,24,505771,215,
7630,24,505771,215,
7631,24,505771,215,
7632,24,505771,215,
7633,24,505770,200,
7634,24,505770,200,
7635,24,505770,200,
7636,24,505770,200,
7637,24,505770,200,
7638,24,505770,200,
7639,24,505770,200,
7640,24,505770,200,
7641,24,505770,200,
7642,24,505770,200,
7643,24,505770,200,
7644,24,505770,200,
7645,24,505772,239.2625,
7646,24,505770,200,
7647,24,505770,200,
7648,24,505770,200,
7649,24,505770,200,
7650,24,505770,200,
7651,24,505770,200,
7652,24,505757,100,
7653,24,505757,100,
7654,24,505770,200,
7655,24,505745,50,
7656,24,505745,50,
7657,24,505740,30,
7658,24,505740,30,
7659,24,505762,132.075,
7660,24,505730,5,
7661,24,505740,30,
7662,24,505731,5.05,
7663,24,505740,30,
7664,24,505740,30,
7665,24,505747,55,
7666,24,505747,55,
7667,24,505740,30,
7668,24,505752,75,
7669,24,505756,85,
7670,24,505740,30,
7671,24,505737,20,
7672,24,505740,30,
7673,24,505740,30,
7674,24,505740,30,
7675,24,505740,30,
7676,24,505740,30,
7677,24,505740,30,
7678,24,505740,30,
7679,24,505752,75,
7680,24,505752,75,
7681,24,505752,75,
7682,24,505752,75,
7683,24,505747,55,
7684,24,505737,20,
7685,24,505740,30,
7686,24,505752,75,
7687,24,505752,75,
7688,24,505747,55,
7689,24,505740,30,
7690,24,505740,30,
7691,24,505740,30,
7692,24,505740,30,
7693,24,505740,30,
7694,24,505740,30,
7695,24,505764,140,
7696,24,505744,45,
7697,24,505770,200,
7698,24,505758,110,
7699,24,505758,110,
7700,24,505758,110,
7701,24,505744,45,
7702,24,505773,300,
7703,24,505770,200,
7704,24,505764,140,
7705,24,505736,18.69,
7706,24,505743,40,
7707,24,505736,18.69,
7709,24,505772,258.875,
7710,24,505772,258.875,
7711,24,505772,264.16,
7712,24,505772,264.16,
7713,24,505740,30,
7714,24,505772,264.16,
7715,24,505762,132.075,
7716,24,505772,240.075,
7717,24,505762,128.91,
7718,24,505762,128.91,
7719,24,505772,257.82,
7720,24,505772,257.82,
7721,24,505772,264.16,
7722,24,505772,240.075,
7723,24,505772,264.16,
7724,24,505772,264.16,
7730,24,505754,80,
7731,24,505752,75,
7732,24,505740,30,
7733,24,505740,30,
7734,24,505740,30,
7735,24,505740,30,
7736,24,505740,30,
7737,24,505740,30,
7738,24,505740,30,
7739,24,505740,30,
7740,24,505740,30,
7741,24,505740,30,
7742,24,505740,30,
7743,24,505740,30,
7744,24,505740,30,
7745,24,505740,30,
7746,24,505740,30,
7747,24,505740,30,
7749,24,505740,30,
7750,24,505740,30,
7752,24,505740,30,
7753,24,505740,30,
7754,24,505740,30,
7755,24,505740,30,
7756,24,505740,30,
7757,24,505740,30,
7758,24,505740,30,
7759,24,505740,30,
7760,24,505740,30,
7761,24,505740,30,
7762,24,505740,30,
7763,24,505740,30,
7764,24,505735,15,
7766,24,505740,30,
7767,24,505747,55,
7768,24,505747,55,
7769,24,505747,55,
7770,24,505747,55,
7771,24,505745,50,
7772,24,505756,85,
7775,24,505743,40,
7776,24,505743,40,
7777,24,505743,40,
7778,24,505743,40,
7779,24,505743,40,
7780,24,505743,40,
7781,24,505743,40,
7782,24,505743,40,
7783,24,505743,40,
7784,24,505743,40,
7785,24,505733,10,
7786,24,505754,80,
7788,24,505762,134.1925,
7789,24,505772,256.7625,
7790,24,505772,256.7625,
7797,24,505772,256.7625,
7799,24,505772,256.7625,
7800,24,505772,256.7625,
7801,24,505772,256.7625,
7802,24,505772,256.7625,
7803,24,505772,256.7625,
7804,24,505772,256.7625,
7805,24,505772,256.7625,
7806,24,505772,256.7625,
7807,24,505772,256.775,
7808,24,505772,256.775,
7809,24,505772,256.775,
7810,24,505772,256.775,
7811,24,505772,256.775,
7812,24,505772,256.775,
7813,24,505772,256.775,
7814,24,505772,256.775,
7815,24,505772,256.775,
7816,24,505772,256.775,
7817,24,505772,258.875,
7818,24,505775,323.3625,
7819,24,505740,30,
7820,24,505733,10,
7821,24,505772,255.705,
7822,24,505754,80,
7823,24,505758,110,
7824,24,505758,110,
7825,24,505758,110,
7826,24,505772,298.0225,
7829,24,505733,10,
7830,24,505740,30,
7831,24,505740,30,
7832,24,505740,30,
7833,24,505740,30,
7834,24,505740,30,
7835,24,505740,30,
7836,24,505740,30,
7837,24,505740,30,
7838,24,505740,30,
7839,24,505740,30,
7840,24,505740,30,
7841,24,505740,30,
7842,24,505740,30,
7843,24,505740,30,
7844,24,505740,30,
7845,24,505740,30,
7846,24,505740,30,
7847,24,505740,30,
7848,24,505740,30,
7849,24,505740,30,
7850,24,505740,30,
7851,24,505740,30,
7852,24,505740,30,
7853,24,505740,30,
7854,24,505740,30,
7855,24,505740,30,
7856,24,505740,30,
7857,24,505740,30,
7858,24,505740,30,
7859,24,505740,30,
7860,24,505740,30,
7861,24,505740,30,
7862,24,505740,30,
7863,24,505740,30,
7864,24,505740,30,
7865,24,505740,30,
7866,24,505740,30,
7867,24,505740,30,
7868,24,505740,30,
7869,24,505740,30,
7870,24,505740,30,
7871,24,505740,30,
7872,24,505737,20,
7873,24,505740,30,
7874,24,505737,20,
7875,24,505737,20,
7876,24,505745,50,
7877,24,505740,30,
7878,24,505740,30,
7879,24,505740,30,
7880,24,505737,20,
7881,24,505740,30,
7882,24,505740,30,
7883,24,505740,30,
7884,24,505740,30,
7885,24,505740,30,
7886,24,505737,20,
7887,24,505740,30,
7888,24,505737,20,
7889,24,505740,30,
7890,24,505740,30,
7891,24,505740,30,
7892,24,505740,30,
7893,24,505740,30,
7894,24,505740,30,
7895,24,505740,30,
7896,24,505740,30,
7897,24,505740,30,
7898,24,505740,30,
7899,24,505737,20,
7900,24,505740,30,
7901,24,505740,30,
7902,24,505740,30,
7903,24,505737,20,
7904,24,505737,20,
7905,24,505740,30,
7906,24,505740,30,
7907,24,505737,20,
7908,24,505740,30,
7909,24,505740,30,
7910,24,505747,55,
7911,24,505747,55,
7912,24,505756,85,
7913,24,505756,85,
7914,24,505756,85,
7915,24,505747,55,
7916,24,505747,55,
7917,24,505747,55,
7918,24,505747,55,
7919,24,505747,55,
7920,24,505747,55,
7921,24,505747,55,
7922,24,505747,55,
7923,24,505747,55,
7924,24,505747,55,
7925,24,505747,55,
7926,24,505747,55,
7927,24,505747,55,
7928,24,505747,55,
7929,24,505747,55,
7930,24,505747,55,
7931,24,505747,55,
7932,24,505773,300,
7933,24,505773,300,
7934,24,505773,300,
7935,24,505773,300,
7936,24,505773,300,
7937,24,505773,300,
7938,24,505773,300,
7939,24,505773,300,
7940,24,505773,300,
7941,24,505773,300,
7942,24,505773,300,
7943,24,505773,300,
7944,24,505773,300,
7945,24,505773,300,
7946,24,505773,300,
7947,24,505773,300,
7948,24,505773,300,
7949,24,505773,300,
7950,24,505773,300,
7951,24,505773,300,
7952,24,505773,300,
7953,24,505773,300,
7954,24,505773,300,
7955,24,505773,300,
7956,24,505773,300,
7957,24,505773,300,
7958,24,505773,300,
7959,24,505773,300,
7960,24,505773,300,
7961,24,505773,300,
7962,24,505773,300,
7963,24,505773,300,
7964,24,505773,300,
7965,24,505773,300,
7966,24,505773,300,
7967,24,505773,300,
7968,24,505773,300,
7969,24,505773,300,
7970,24,505773,300,
7971,24,505773,300,
7972,24,505773,300,
7973,24,505764,140,
7974,24,505770,200,
7975,24,505770,200,
7976,24,505770,200,
7977,24,505770,200,
7978,24,505770,200,
7979,24,505770,200,
7980,24,505770,200,
7981,24,505770,200,
7982,24,505770,200,
7983,24,505770,200,
7984,24,505770,200,
7985,24,505770,200,
7986,24,505770,200,
7987,24,505770,200,
7988,24,505770,200,
7989,24,505770,200,
7990,24,505770,200,
7991,24,505770,200,
7992,24,505770,200,
7993,24,505770,200,
7994,24,505770,200,
7995,24,505770,200,
7996,24,505770,200,
7997,24,505770,200,
7998,24,505770,200,
7999,24,505770,200,
8000,24,505770,200,
8001,24,505770,200,
8002,24,505770,200,
8003,24,505770,200,
8004,24,505770,200,
8005,24,505770,200,
8006,24,505770,200,
8007,24,505737,20,
8008,24,505732,7,
8009,24,505732,7,
8010,24,505732,7,
8011,24,505744,45,
,,,,
,,,,
,,,,
,,,,
,,,,
,,,,
,,,,
,,,,
,,,,
,,,,
,,,,
,,,,
,,,,
,,,,
,,,,
,,,,
,,,,
,,,,
,,,,
,,,,
,,,,
,,,,
,,,,
,,,,
,,,,
,,,,
,,,,
,,,,
,,,,
,,,,
,,,,
,,,,
,,,,
,,,,
,,,,
,,,,
,,,,
,,,,
,,,,
,,,,
,,,,
,,,,
,,,,
,,,,
,,,,
,,,,
,,,,
,,,,
,,,,
,,,,
,,,,
,,,,
,,,,
,,,,
,,,,
,,,,
,,,,
,,,,
,,,,
,,,,
,,,,
,,,,
,,,,
,,,,
,,,,
,,,,
,,,,
,,,,
,,,,
,,,,
,,,,
,,,,
,,,,
,,,,
,,,,
,,,,
,,,,
,,,,
,,,,
,,,,
,,,,
,,,,
,,,,
,,,,
,,,,
,,,,
,,,,
,,,,
,,,,
,,,,
,,,,
,,,,
,,,,
,,,,
,,,,
,,,,
,,,,
,,,,
,,,,
,,,,
,,,,
,,,,
,,,,
,,,,
,,,,
,,,,
,,,,
,,,,
,,,,
,,,,
,,,,
,,,,
,,,,
,,,,
,,,,
,,,,
,,,,
,,,,
,,,,
,,,,
,,,,
,,,,
,,,,
,,,,
,,,,
,,,,
,,,,
,,,,
,,,,
,,,,
,,,,
,,,,
,,,,
,,,,
,,,,
,,,,
,,,,
,,,,
,,,,
,,,,
,,,,
,,,,
,,,,
,,,,
,,,,
,,,,
,,,,
,,,,
,,,,
,,,,
,,,,
,,,,
,,,,
,,,,
,,,,
,,,,
,,,,
,,,,
,,,,
,,,,
,,,,
,,,,
,,,,
,,,,
,,,,
,,,,
,,,,
,,,,
,,,,
,,,,
,,,,
,,,,
,,,,
,,,,
,,,,
,,,,
,,,,
,,,,
,,,,
,,,,
,,,,
,,,,
,,,,
,,,,
,,,,
,,,,
,,,,
,,,,
,,,,
,,,,
,,,,
,,,,
,,,,
,,,,
,,,,
,,,,
,,,,
,,,,
,,,,
,,,,
